{
"type": "FeatureCollection",
"name": "neighbourhoods_analysis",
"crs": { "type": "name", "properties": { "name": "urn:ogc:def:crs:OGC:1.3:CRS84" } },
"features": [
{ "type": "Feature", "properties": { "neighbourhood": "Agincourt North", "area_sqkm": 8.3244925358224879, "population": 20795, "crime_rate": 19.622125047947073, "stop_density": 5.1561883572273572, "median_stop_dist": 477.67849089457673, "stop_count": 42, "housing_pressure": 0.7144943410098834, "request_count": 3640, "request_rate": 175.04207742245731, "crime_zscore": 0.87423049891197457, "transit_access_zscore": 0.63021451817624485, "transit_dist_zscore": 0.10461754534686649, "housing_zscore": -0.92722733978454108, "demand_zscore": 0.15047636023660491, "attention_score": 0.12707087135764605, "attention_score_normalized": 45.32513509325409 }, "geometry": { "type": "Polygon", "coordinates": [ [ [ -79.642063888157352, 43.57924724071308 ], [ -79.594791305605256, 43.58270428583846 ], [ -79.595378771054271, 43.602161194420098 ], [ -79.637802943125351, 43.601361181674413 ], [ -79.642063888157352, 43.57924724071308 ] ] ] } },
{ "type": "Feature", "properties": { "neighbourhood": "Agincourt South-Malvern West", "area_sqkm": 8.0221632469595221, "population": 5860, "crime_rate": 8.0335596408156942, "stop_density": 6.9385454375243798, "median_stop_dist": 503.19567845195269, "stop_count": 55, "housing_pressure": 0.65346213637996298, "request_count": 1121, "request_rate": 191.29692832764505, "crime_zscore": -0.914989671809191, "transit_access_zscore": 0.0083602357286464025, "transit_dist_zscore": 0.26720215821629523, "housing_zscore": -1.5511348587323284, "demand_zscore": 0.34743096198483897, "attention_score": -0.50571058114667067, "attention_score_normalized": 22.545273413508205 }, "geometry": { "type": "Polygon", "coordinates": [ [ [ -79.590732616882477, 43.580606690070461 ], [ -79.547180510790483, 43.581248435466776 ], [ -79.547363595651305, 43.597892737735009 ], [ -79.594626845668159, 43.603588689882201 ], [ -79.590732616882477, 43.580606690070461 ] ] ] } },
{ "type": "Feature", "properties": { "neighbourhood": "Alderwood", "area_sqkm": 8.3727379914652822, "population": 43158, "crime_rate": 4.693558016233446, "stop_density": 8.398820913868958, "median_stop_dist": 441.42590216000491, "stop_count": 70, "housing_pressure": 0.95131776958482583, "request_count": 4263, "request_rate": 98.776588349784518, "crime_zscore": -1.430670264444627, "transit_access_zscore": -0.50112160074306389, "transit_dist_zscore": -0.12636845542896069, "housing_zscore": 1.4937226922001294, "demand_zscore": -0.77360710967997637, "attention_score": -0.23308182342292336, "attention_score_normalized": 32.359792101262485 }, "geometry": { "type": "Polygon", "coordinates": [ [ [ -79.544783428086205, 43.578825453457753 ], [ -79.500344855017914, 43.580148538589789 ], [ -79.499428950290607, 43.600360900881086 ], [ -79.546256374394787, 43.599516605610418 ], [ -79.544783428086205, 43.578825453457753 ] ] ] } },
{ "type": "Feature", "properties": { "neighbourhood": "Annex", "area_sqkm": 8.0784872720735557, "population": 49732, "crime_rate": 9.3745319641028964, "stop_density": 8.387388867976604, "median_stop_dist": 478.73158500130444, "stop_count": 67, "housing_pressure": 0.94704903812692587, "request_count": 4861, "request_rate": 97.743907343360419, "crime_zscore": -0.707949831681283, "transit_access_zscore": -0.49713302473106014, "transit_dist_zscore": 0.11132741089425163, "housing_zscore": 1.4500851787086524, "demand_zscore": -0.78611976067502864, "attention_score": -0.029560957453684672, "attention_score_normalized": 39.6864562399996 }, "geometry": { "type": "Polygon", "coordinates": [ [ [ -79.497627330768651, 43.579736419905302 ], [ -79.453630388432771, 43.581711055768359 ], [ -79.450263821797691, 43.598967273462179 ], [ -79.500158673439699, 43.600854637399713 ], [ -79.497627330768651, 43.579736419905302 ] ] ] } },
{ "type": "Feature", "properties": { "neighbourhood": "Banbury-Don Mills", "area_sqkm": 9.7346280134893846, "population": 16284, "crime_rate": 6.5468683195880972, "stop_density": 10.132609541535707, "median_stop_dist": 275.89305830549995, "stop_count": 98, "housing_pressure": 0.98, "request_count": 2286, "request_rate": 140.38319823139278, "crime_zscore": -1.1445278420765472, "transit_access_zscore": -1.1060306253667052, "transit_dist_zscore": -1.1810729864336256, "housing_zscore": 1.7869295216884287, "demand_zscore": -0.269473708080397, "attention_score": -0.2363598634831586, "attention_score_normalized": 32.241784060955212 }, "geometry": { "type": "Polygon", "coordinates": [ [ [ -79.452081408294049, 43.577390309557913 ], [ -79.406050330952326, 43.582693313223515 ], [ -79.402530965477297, 43.603563022967677 ], [ -79.451268175946652, 43.602619614857929 ], [ -79.452081408294049, 43.577390309557913 ] ] ] } },
{ "type": "Feature", "properties": { "neighbourhood": "Bathurst Manor", "area_sqkm": 9.3318603633608106, "population": 11265, "crime_rate": 23.453348351536608, "stop_density": 12.152582309645254, "median_stop_dist": 166.77450167629394, "stop_count": 113, "housing_pressure": 0.98, "request_count": 3095, "request_rate": 274.74478473146911, "crime_zscore": 1.465753415898835, "transit_access_zscore": -1.8107876744239697, "transit_dist_zscore": -1.8763297911476742, "housing_zscore": 1.7869295216884287, "demand_zscore": 1.3585407790249706, "attention_score": 0.53181127036606346, "attention_score_normalized": 59.895616369416359 }, "geometry": { "type": "Polygon", "coordinates": [ [ [ -79.405083683746767, 43.577732229409065 ], [ -79.355388502657519, 43.579971061460668 ], [ -79.357493369907104, 43.597975561895922 ], [ -79.403515955509306, 43.603225153181704 ], [ -79.405083683746767, 43.577732229409065 ] ] ] } },
{ "type": "Feature", "properties": { "neighbourhood": "Bay Street Corridor", "area_sqkm": 9.8542365459780168, "population": 21850, "crime_rate": 20.778648350417171, "stop_density": 9.8814819431044292, "median_stop_dist": 361.20849499317791, "stop_count": 97, "housing_pressure": 0.86882372969121613, "request_count": 3931, "request_rate": 179.90846681922196, "crime_zscore": 1.0527922749377772, "transit_access_zscore": -1.0184136297312139, "transit_dist_zscore": -0.63747948834677026, "housing_zscore": 0.65041952020935689, "demand_zscore": 0.20944077591670923, "attention_score": 0.21930713625842777, "attention_score_normalized": 48.645601184636369 }, "geometry": { "type": "Polygon", "coordinates": [ [ [ -79.35372664271425, 43.580280261676059 ], [ -79.30672194498834, 43.578109126733153 ], [ -79.308503509218042, 43.603586738535817 ], [ -79.353832390953499, 43.6024200277094 ], [ -79.35372664271425, 43.580280261676059 ] ] ] } },
{ "type": "Feature", "properties": { "neighbourhood": "Bayview Village", "area_sqkm": 9.1241937277113507, "population": 42194, "crime_rate": 16.934882643229315, "stop_density": 8.0472758506536373, "median_stop_dist": 365.79691551792166, "stop_count": 73, "housing_pressure": 0.93196890873480653, "request_count": 5232, "request_rate": 123.99867279708016, "crime_zscore": 0.45933286963514713, "transit_access_zscore": -0.37846952083698332, "transit_dist_zscore": -0.60824403389003623, "housing_zscore": 1.2959271211470826, "demand_zscore": -0.46799953280629186, "attention_score": 0.19720805792524615, "attention_score_normalized": 47.850043815362319 }, "geometry": { "type": "Polygon", "coordinates": [ [ [ -79.309758845352775, 43.577530955012307 ], [ -79.263190087627535, 43.578175897174511 ], [ -79.259845756763269, 43.598040594502692 ], [ -79.309950389130748, 43.599721212753813 ], [ -79.309758845352775, 43.577530955012307 ] ] ] } },
{ "type": "Feature", "properties": { "neighbourhood": "Bayview Woods-Steeles", "area_sqkm": 9.8003464414947228, "population": 26962, "crime_rate": 22.172132984129789, "stop_density": 7.589134426089716, "median_stop_dist": 506.69474381622712, "stop_count": 74, "housing_pressure": 0.97999076078147196, "request_count": 4696, "request_rate": 174.17105555967657, "crime_zscore": 1.2679397696133745, "transit_access_zscore": -0.21862657467254762, "transit_dist_zscore": 0.28949670718946136, "housing_zscore": 1.7868350728979288, "demand_zscore": 0.13992247911529399, "attention_score": 0.80230872632842165, "attention_score_normalized": 69.633409105216614 }, "geometry": { "type": "Polygon", "coordinates": [ [ [ -79.264370877956111, 43.578685607058119 ], [ -79.211624132925849, 43.580256176498949 ], [ -79.212911985929679, 43.598614776119078 ], [ -79.263625887728978, 43.602582412653753 ], [ -79.264370877956111, 43.578685607058119 ] ] ] } },
{ "type": "Feature", "properties": { "neighbourhood": "Bedford Park-Nortown", "area_sqkm": 9.3359235674329639, "population": 49131, "crime_rate": 20.680785691780518, "stop_density": 7.0070296740228661, "median_stop_dist": 521.33106666745903, "stop_count": 65, "housing_pressure": 0.93236463133326497, "request_count": 5634, "request_rate": 114.67301703608719, "crime_zscore": 1.0376827392324042, "transit_access_zscore": -0.015533526199036949, "transit_dist_zscore": 0.38275310071828728, "housing_zscore": 1.2999724330622078, "demand_zscore": -0.58099539029898062, "attention_score": 0.52329765119174443, "attention_score_normalized": 59.589129720009225 }, "geometry": { "type": "Polygon", "coordinates": [ [ [ -79.212917832465337, 43.577033132702738 ], [ -79.169828459362321, 43.581892768570725 ], [ -79.168121932901471, 43.602010374832318 ], [ -79.216850240188307, 43.602143273777479 ], [ -79.212917832465337, 43.577033132702738 ] ] ] } },
{ "type": "Feature", "properties": { "neighbourhood": "Beechborough-Greenbrook", "area_sqkm": 7.4663526175361925, "population": 21023, "crime_rate": 7.1045412954927887, "stop_density": 4.3699589405027215, "median_stop_dist": 567.30085844986752, "stop_count": 32, "housing_pressure": 0.70558741519743418, "request_count": 2650, "request_rate": 126.05241877943205, "crime_zscore": -1.0584257490132638, "transit_access_zscore": 0.90452550511664831, "transit_dist_zscore": 0.67565296610610559, "housing_zscore": -1.018279236382307, "demand_zscore": -0.44311497837970792, "attention_score": -0.37077247134142122, "attention_score_normalized": 27.402987659911425 }, "geometry": { "type": "Polygon", "coordinates": [ [ [ -79.168406833342431, 43.582178620555254 ], [ -79.121048900067848, 43.580739788760965 ], [ -79.118622362929983, 43.599754618918347 ], [ -79.166447382444602, 43.59815058087095 ], [ -79.168406833342431, 43.582178620555254 ] ] ] } },
{ "type": "Feature", "properties": { "neighbourhood": "Bendale", "area_sqkm": 8.1678352309413214, "population": 46090, "crime_rate": 22.636297966779512, "stop_density": 4.2185732796202444, "median_stop_dist": 639.24554957728719, "stop_count": 34, "housing_pressure": 0.77859369543646717, "request_count": 6348, "request_rate": 137.73052722933392, "crime_zscore": 1.3396046668911907, "transit_access_zscore": 0.95734310410486023, "transit_dist_zscore": 1.1340537882445549, "housing_zscore": -0.27196559020587646, "demand_zscore": -0.30161523702009657, "attention_score": 0.52029625561972159, "attention_score_normalized": 59.48108076296996 }, "geometry": { "type": "Polygon", "coordinates": [ [ [ -79.638435289708298, 43.603092507224687 ], [ -79.592359609541859, 43.600602520320201 ], [ -79.591101469647541, 43.619256027014096 ], [ -79.640037226421811, 43.622817930261803 ], [ -79.638435289708298, 43.603092507224687 ] ] ] } },
{ "type": "Feature", "properties": { "neighbourhood": "Birchcliffe-Cliffside", "area_sqkm": 7.9679607712876264, "population": 6685, "crime_rate": 14.865529322144315, "stop_density": 4.5761604224884689, "median_stop_dist": 622.10055369251302, "stop_count": 36, "housing_pressure": 0.68091105314615796, "request_count": 1763, "request_rate": 263.72475691847421, "crime_zscore": 0.13983441815679157, "transit_access_zscore": 0.83258297685597582, "transit_dist_zscore": 1.0248132023725354, "housing_zscore": -1.2705356953685756, "demand_zscore": 1.2250147810430283, "attention_score": 0.24093706378993632, "attention_score_normalized": 49.424269325683582 }, "geometry": { "type": "Polygon", "coordinates": [ [ [ -79.595538697613151, 43.600905627745526 ], [ -79.544636082986969, 43.600334476879382 ], [ -79.546568409568096, 43.618690976298929 ], [ -79.592675848580285, 43.619185810100426 ], [ -79.595538697613151, 43.600905627745526 ] ] ] } },
{ "type": "Feature", "properties": { "neighbourhood": "Black Creek", "area_sqkm": 8.812462654183312, "population": 5769, "crime_rate": 20.763683413609375, "stop_density": 7.9484180463980296, "median_stop_dist": 323.20387144728505, "stop_count": 70, "housing_pressure": 0.98, "request_count": 2579, "request_rate": 447.04454844860459, "crime_zscore": 1.0504817588514979, "transit_access_zscore": -0.34397859328419944, "transit_dist_zscore": -0.87962870610691013, "housing_zscore": 1.7869295216884287, "demand_zscore": 3.4462394938371017, "attention_score": 1.2150596239937357, "attention_score_normalized": 84.492264907319409 }, "geometry": { "type": "Polygon", "coordinates": [ [ [ -79.547081756461594, 43.603214629612786 ], [ -79.500719938722852, 43.599264984144121 ], [ -79.49944330946434, 43.621000759076679 ], [ -79.547487217731017, 43.623071768369719 ], [ -79.547081756461594, 43.603214629612786 ] ] ] } },
{ "type": "Feature", "properties": { "neighbourhood": "Blake-Jones", "area_sqkm": 8.3765159138662622, "population": 7433, "crime_rate": 22.714008598316852, "stop_density": 10.957746182866162, "median_stop_dist": 332.62327219260521, "stop_count": 91, "housing_pressure": 0.87872432732908612, "request_count": 2405, "request_rate": 323.55711018431322, "crime_zscore": 1.3516028240867763, "transit_access_zscore": -1.3939161224357113, "transit_dist_zscore": -0.81961231048351368, "housing_zscore": 0.75162932158880025, "demand_zscore": 1.9499834305784125, "attention_score": 0.58377545759669291, "attention_score_normalized": 61.76630488711762 }, "geometry": { "type": "Polygon", "coordinates": [ [ [ -79.496359785720429, 43.603347416683285 ], [ -79.452789670555774, 43.602617953046618 ], [ -79.448553736918157, 43.622338884077529 ], [ -79.497945764730332, 43.62376722507959 ], [ -79.496359785720429, 43.603347416683285 ] ] ] } },
{ "type": "Feature", "properties": { "neighbourhood": "Briar Hill-Belgravia", "area_sqkm": 7.227610830119275, "population": 10311, "crime_rate": 9.9960764493810057, "stop_density": 10.012458794352016, "median_stop_dist": 300.42753477197061, "stop_count": 72, "housing_pressure": 0.75996003816489899, "request_count": 1552, "request_rate": 150.51886334982061, "crime_zscore": -0.61198627700558994, "transit_access_zscore": -1.0641107107203054, "transit_dist_zscore": -1.0247497886170147, "housing_zscore": -0.46244992462770929, "demand_zscore": -0.14666323762469377, "attention_score": -0.61127077283386166, "attention_score_normalized": 18.745151655822411 }, "geometry": { "type": "Polygon", "coordinates": [ [ [ -79.452541479933842, 43.602613871700214 ], [ -79.404073716904605, 43.603145778568773 ], [ -79.401728275040824, 43.620446482388296 ], [ -79.44874470740956, 43.619198773085628 ], [ -79.452541479933842, 43.602613871700214 ] ] ] } },
{ "type": "Feature", "properties": { "neighbourhood": "Bridle Path-Sunnybrook-York Mills", "area_sqkm": 9.3884689844821203, "population": 42819, "crime_rate": 5.4211423396088882, "stop_density": 11.963366253004059, "median_stop_dist": 267.1231805713453, "stop_count": 112, "housing_pressure": 0.92183171700799016, "request_count": 4014, "request_rate": 93.743431654172213, "crime_zscore": -1.3183346558901163, "transit_access_zscore": -1.7447712647881597, "transit_dist_zscore": -1.2369508990411064, "housing_zscore": 1.1922987141818289, "demand_zscore": -0.8345921890450787, "attention_score": -0.6456857478104775, "attention_score_normalized": 17.506227274305594 }, "geometry": { "type": "Polygon", "coordinates": [ [ [ -79.405917171432364, 43.597810943552417 ], [ -79.357337945335217, 43.600833714584695 ], [ -79.353706178140158, 43.621042927557355 ], [ -79.404697146044242, 43.619871108401291 ], [ -79.405917171432364, 43.597810943552417 ] ] ] } },
{ "type": "Feature", "properties": { "neighbourhood": "Broadview North", "area_sqkm": 8.6412783236999342, "population": 44188, "crime_rate": 8.0145735759227179, "stop_density": 12.252006874482335, "median_stop_dist": 151.40957648200555, "stop_count": 105, "housing_pressure": 0.89651061464941739, "request_count": 4755, "request_rate": 107.60840047071603, "crime_zscore": -0.91792103122044566, "transit_access_zscore": -1.8454763415310818, "transit_dist_zscore": -1.974228527396098, "housing_zscore": 0.93345133605819364, "demand_zscore": -0.66659499070457917, "attention_score": -0.70239215227055585, "attention_score_normalized": 15.464820964364016 }, "geometry": { "type": "Polygon", "coordinates": [ [ [ -79.353588952593981, 43.600881974499693 ], [ -79.310580215315966, 43.601987344522605 ], [ -79.309107418055561, 43.620720239152739 ], [ -79.357558366504733, 43.624369154034788 ], [ -79.353588952593981, 43.600881974499693 ] ] ] } },
{ "type": "Feature", "properties": { "neighbourhood": "Brookhaven-Amesbury", "area_sqkm": 10.375676783334621, "population": 22568, "crime_rate": 12.396371349777638, "stop_density": 10.161893356111845, "median_stop_dist": 371.00997789364789, "stop_count": 105, "housing_pressure": 0.79152018050190442, "request_count": 2767, "request_rate": 122.60723147819921, "crime_zscore": -0.24139199716263729, "transit_access_zscore": -1.1162475822839677, "transit_dist_zscore": -0.57502862853567005, "housing_zscore": -0.13982336668968987, "demand_zscore": -0.48485916273551943, "attention_score": -0.44596710513313131, "attention_score_normalized": 24.696013000563909 }, "geometry": { "type": "Polygon", "coordinates": [ [ [ -79.311782036583409, 43.599478273735492 ], [ -79.263146303032769, 43.597990552453361 ], [ -79.25936858650239, 43.622195847542343 ], [ -79.310653537746916, 43.621554535677838 ], [ -79.311782036583409, 43.599478273735492 ] ] ] } },
{ "type": "Feature", "properties": { "neighbourhood": "Cabbagetown-South St.James Town", "area_sqkm": 9.3558257652870633, "population": 24769, "crime_rate": 20.996324850294847, "stop_density": 8.2024251227487674, "median_stop_dist": 367.71907960939427, "stop_count": 76, "housing_pressure": 0.69067330643456148, "request_count": 3586, "request_rate": 144.77774637651902, "crime_zscore": 1.0864005060337028, "transit_access_zscore": -0.43260022244415308, "transit_dist_zscore": -0.59599682584718683, "housing_zscore": -1.1707401322648008, "demand_zscore": -0.21622643532254318, "attention_score": -0.21861975086598412, "attention_score_normalized": 32.880420528574483 }, "geometry": { "type": "Polygon", "coordinates": [ [ [ -79.260785368533746, 43.598638600001777 ], [ -79.21297573685348, 43.600705947330894 ], [ -79.216119629281508, 43.624452364263128 ], [ -79.260448883726511, 43.619990793167531 ], [ -79.260785368533746, 43.598638600001777 ] ] ] } },
{ "type": "Feature", "properties": { "neighbourhood": "Caledonia-Fairbank", "area_sqkm": 9.5342738954476296, "population": 33693, "crime_rate": 21.936072831639557, "stop_density": 6.4749205786735118, "median_stop_dist": 378.42150136238411, "stop_count": 61, "housing_pressure": 0.8714461878467481, "request_count": 4710, "request_rate": 139.79164811681952, "crime_zscore": 1.2314931887381333, "transit_access_zscore": 0.1701163210342522, "transit_dist_zscore": -0.52780556873616447, "housing_zscore": 0.67722784822705773, "demand_zscore": -0.27664132333011404, "attention_score": 0.36819860741998811, "attention_score_normalized": 54.005630472680451 }, "geometry": { "type": "Polygon", "coordinates": [ [ [ -79.217003715925131, 43.599975929565545 ], [ -79.165260912299189, 43.601563065752792 ], [ -79.168348046882898, 43.62233963980303 ], [ -79.216426343483064, 43.62175310964291 ], [ -79.217003715925131, 43.599975929565545 ] ] ] } },
{ "type": "Feature", "properties": { "neighbourhood": "Casa Loma", "area_sqkm": 8.9802567684257362, "population": 11396, "crime_rate": 3.1529468716861953, "stop_density": 3.5750646953750977, "median_stop_dist": 702.32316051509792, "stop_count": 32, "housing_pressure": 0.80291262233062621, "request_count": 1193, "request_rate": 104.68585468585469, "crime_zscore": -1.6685334026520078, "transit_access_zscore": 1.1818596015723313, "transit_dist_zscore": 1.5359573652744605, "housing_zscore": -0.02336304612263207, "demand_zscore": -0.70200650229000006, "attention_score": -0.15570286762464122, "attention_score_normalized": 35.145401418716389 }, "geometry": { "type": "Polygon", "coordinates": [ [ [ -79.167200168922932, 43.598013881618563 ], [ -79.121641025348822, 43.601314588428359 ], [ -79.119128963257552, 43.62260384770952 ], [ -79.169226528698701, 43.618637988512027 ], [ -79.167200168922932, 43.598013881618563 ] ] ] } },
{ "type": "Feature", "properties": { "neighbourhood": "Centennial Scarborough", "area_sqkm": 8.6401251490590258, "population": 32480, "crime_rate": 14.236440656706446, "stop_density": 3.5232801569078838, "median_stop_dist": 542.09332751183251, "stop_count": 30, "housing_pressure": 0.89233230897509375, "request_count": 4253, "request_rate": 130.942118226601, "crime_zscore": 0.04270607743216346, "transit_access_zscore": 1.1999269335151781, "transit_dist_zscore": 0.51504135286544872, "housing_zscore": 0.89073820874319687, "demand_zscore": -0.3838681226008977, "attention_score": 0.41383268998075456, "attention_score_normalized": 55.648437929350138 }, "geometry": { "type": "Polygon", "coordinates": [ [ [ -79.640953601893699, 43.62268408796708 ], [ -79.595046431599826, 43.620858873616264 ], [ -79.590179111017605, 43.64492807224012 ], [ -79.63773596387972, 43.640132817972571 ], [ -79.640953601893699, 43.62268408796708 ] ] ] } },
{ "type": "Feature", "properties": { "neighbourhood": "Church-Yonge Corridor", "area_sqkm": 8.7150939306507844, "population": 46434, "crime_rate": 12.183042069273139, "stop_density": 6.8597376451020873, "median_stop_dist": 420.8758452629786, "stop_count": 59, "housing_pressure": 0.81898767687808549, "request_count": 4507, "request_rate": 97.062497308007067, "crime_zscore": -0.27432903796746355, "transit_access_zscore": 0.035855827801519476, "transit_dist_zscore": -0.25730463472125797, "housing_zscore": 0.14096572850496633, "demand_zscore": -0.79437617858517007, "attention_score": -0.22543338412061908, "attention_score_normalized": 32.635132645273195 }, "geometry": { "type": "Polygon", "coordinates": [ [ [ -79.592549369257142, 43.620086111304758 ], [ -79.547003431709143, 43.622498365814671 ], [ -79.547895928847709, 43.644211025508902 ], [ -79.590343978179547, 43.642638897177292 ], [ -79.592549369257142, 43.620086111304758 ] ] ] } },
{ "type": "Feature", "properties": { "neighbourhood": "Clairlea-Birchmount", "area_sqkm": 7.8622799504267222, "population": 30658, "crime_rate": 7.8863718303560653, "stop_density": 8.8386801281204459, "median_stop_dist": 448.07838700413868, "stop_count": 69, "housing_pressure": 0.95166635797884647, "request_count": 2744, "request_rate": 89.503555352599648, "crime_zscore": -0.93771477971569606, "transit_access_zscore": -0.65458598735786122, "transit_dist_zscore": -0.083981665326358382, "housing_zscore": 1.4972861702256437, "demand_zscore": -0.88596535471167304, "attention_score": -0.14808537121748064, "attention_score_normalized": 35.419628031734725 }, "geometry": { "type": "Polygon", "coordinates": [ [ [ -79.544098811381332, 43.623940969881446 ], [ -79.495799156622098, 43.6223370702821 ], [ -79.495859299636223, 43.641341871053989 ], [ -79.543775292179404, 43.641402949755374 ], [ -79.544098811381332, 43.623940969881446 ] ] ] } },
{ "type": "Feature", "properties": { "neighbourhood": "Clanton Park", "area_sqkm": 8.561028525504744, "population": 23942, "crime_rate": 5.6370380813410215, "stop_density": 10.729612423943701, "median_stop_dist": 353.64080819032614, "stop_count": 91, "housing_pressure": 0.86090402247276487, "request_count": 2825, "request_rate": 117.99348425361291, "crime_zscore": -1.2850013655035231, "transit_access_zscore": -1.3143215470697254, "transit_dist_zscore": -0.68569755416582578, "housing_zscore": 0.56945955962103423, "demand_zscore": -0.54076239755974076, "attention_score": -0.58704079616790306, "attention_score_normalized": 19.617420453792977 }, "geometry": { "type": "Polygon", "coordinates": [ [ [ -79.497543243823856, 43.622390651415387 ], [ -79.453853908599399, 43.619043301328432 ], [ -79.45330026165189, 43.640277464592266 ], [ -79.497200807567168, 43.64469901743886 ], [ -79.497543243823856, 43.622390651415387 ] ] ] } },
{ "type": "Feature", "properties": { "neighbourhood": "Cliffcrest", "area_sqkm": 10.19639385411422, "population": 23431, "crime_rate": 10.427533770879815, "stop_density": 12.69785858294928, "median_stop_dist": 179.79464847719325, "stop_count": 129, "housing_pressure": 0.8793127644147174, "request_count": 3062, "request_rate": 130.68157569032479, "crime_zscore": -0.54537128927329126, "transit_access_zscore": -2.0010314754106209, "transit_dist_zscore": -1.7933709806452434, "housing_zscore": 0.75764467568553062, "demand_zscore": -0.38702502953102386, "attention_score": -0.59349702771152457, "attention_score_normalized": 19.384998879244524 }, "geometry": { "type": "Polygon", "coordinates": [ [ [ -79.449997323352079, 43.618568831041543 ], [ -79.405290747779603, 43.619503309846969 ], [ -79.40236328830828, 43.642600095043896 ], [ -79.452485596384108, 43.64345906349385 ], [ -79.449997323352079, 43.618568831041543 ] ] ] } },
{ "type": "Feature", "properties": { "neighbourhood": "Corso Italia-Davenport", "area_sqkm": 9.1406289722781189, "population": 7747, "crime_rate": 23.744013486075421, "stop_density": 12.84535971977013, "median_stop_dist": 184.09945644545331, "stop_count": 117, "housing_pressure": 0.98, "request_count": 2611, "request_rate": 337.03369046082355, "crime_zscore": 1.5106307500097671, "transit_access_zscore": -2.0524937859722336, "transit_dist_zscore": -1.7659425841801915, "housing_zscore": 1.7869295216884287, "demand_zscore": 2.1132746546425523, "attention_score": 0.67427954333019569, "attention_score_normalized": 65.024413269248171 }, "geometry": { "type": "Polygon", "coordinates": [ [ [ -79.402690686282568, 43.620490859727418 ], [ -79.355953784743633, 43.623017409969172 ], [ -79.358801587756673, 43.643205489701977 ], [ -79.404430068818016, 43.644403032770661 ], [ -79.402690686282568, 43.620490859727418 ] ] ] } },
{ "type": "Feature", "properties": { "neighbourhood": "Danforth", "area_sqkm": 9.9192450506937924, "population": 5189, "crime_rate": 10.110464504456615, "stop_density": 11.424815360599434, "median_stop_dist": 218.44833636569223, "stop_count": 113, "housing_pressure": 0.82388789047882083, "request_count": 1806, "request_rate": 348.04393910194642, "crime_zscore": -0.59432529756244867, "transit_access_zscore": -1.5568739110760839, "transit_dist_zscore": -1.5470862023092096, "housing_zscore": 0.19105862828611214, "demand_zscore": 2.2466821616636907, "attention_score": -0.11707425199413996, "attention_score_normalized": 36.5360150618002 }, "geometry": { "type": "Polygon", "coordinates": [ [ [ -79.354011357032576, 43.62012967574455 ], [ -79.308304077334924, 43.620002399398736 ], [ -79.307322041269657, 43.645145755636214 ], [ -79.356347813805002, 43.641666278655698 ], [ -79.354011357032576, 43.62012967574455 ] ] ] } },
{ "type": "Feature", "properties": { "neighbourhood": "Danforth East York", "area_sqkm": 8.748848323703573, "population": 24118, "crime_rate": 14.413393678354055, "stop_density": 10.6394950748606, "median_stop_dist": 226.66740059658295, "stop_count": 93, "housing_pressure": 0.71561040944072651, "request_count": 3475, "request_rate": 144.08325731818559, "crime_zscore": 0.070026794404354609, "transit_access_zscore": -1.2828801147834334, "transit_dist_zscore": -1.4947178379225132, "housing_zscore": -0.91581822405808888, "demand_zscore": -0.22464132738771203, "attention_score": -0.67301581579686787, "attention_score_normalized": 16.522356514560503 }, "geometry": { "type": "Polygon", "coordinates": [ [ [ -79.310406274916261, 43.621999884846218 ], [ -79.264672286019604, 43.621493567701378 ], [ -79.260945348042739, 43.640479150234484 ], [ -79.311028245014469, 43.643642404999262 ], [ -79.310406274916261, 43.621999884846218 ] ] ] } },
{ "type": "Feature", "properties": { "neighbourhood": "Don Valley Village", "area_sqkm": 8.195783517364184, "population": 40773, "crime_rate": 18.466417095693913, "stop_density": 8.2256500886160211, "median_stop_dist": 354.45040464318214, "stop_count": 67, "housing_pressure": 0.66237192251202459, "request_count": 5111, "request_rate": 125.35256174429158, "crime_zscore": 0.69579460913723923, "transit_access_zscore": -0.44070328139003173, "transit_dist_zscore": -0.68053915159610345, "housing_zscore": -1.4600537222451699, "demand_zscore": -0.45159491242775257, "attention_score": -0.44957012571045346, "attention_score_normalized": 24.566305800620157 }, "geometry": { "type": "Polygon", "coordinates": [ [ [ -79.264725442119015, 43.624181213044579 ], [ -79.211975543169928, 43.624262033000477 ], [ -79.214976349655558, 43.644796878649018 ], [ -79.259018252903928, 43.641528644509229 ], [ -79.264725442119015, 43.624181213044579 ] ] ] } },
{ "type": "Feature", "properties": { "neighbourhood": "Dorset Park", "area_sqkm": 6.9179029656207218, "population": 6899, "crime_rate": 10.999851252344467, "stop_density": 6.5634162897912702, "median_stop_dist": 506.33287672584419, "stop_count": 45, "housing_pressure": 0.90144400330258467, "request_count": 2148, "request_rate": 311.34947093781705, "crime_zscore": -0.45700815320618671, "transit_access_zscore": 0.13924066904219856, "transit_dist_zscore": 0.28719104475437501, "housing_zscore": 0.98388337096937917, "demand_zscore": 1.8020675413399319, "attention_score": 0.55609706977827056, "attention_score_normalized": 60.769894762379138 }, "geometry": { "type": "Polygon", "coordinates": [ [ [ -79.21243863451636, 43.624320181400996 ], [ -79.168371195241789, 43.623656518271268 ], [ -79.169255770792617, 43.641074385660112 ], [ -79.214204646970714, 43.64161827867931 ], [ -79.21243863451636, 43.624320181400996 ] ] ] } },
{ "type": "Feature", "properties": { "neighbourhood": "Dovercourt-Wallace Emerson-Junction", "area_sqkm": 7.5903744840001348, "population": 6267, "crime_rate": 24.379205819861134, "stop_density": 4.911279042946445, "median_stop_dist": 604.91095374021381, "stop_count": 37, "housing_pressure": 0.83814085159569707, "request_count": 3385, "request_rate": 540.13084410403701, "crime_zscore": 1.6087014685128074, "transit_access_zscore": 0.71566198971854111, "transit_dist_zscore": 0.91528841844637476, "housing_zscore": 0.33676087945024691, "demand_zscore": 4.5741350615031724, "attention_score": 1.6458351605161354, "attention_score_normalized": 100.0 }, "geometry": { "type": "Polygon", "coordinates": [ [ [ -79.166582683912537, 43.624155390183425 ], [ -79.117059676899373, 43.622714640318513 ], [ -79.122159495908591, 43.642728059328235 ], [ -79.167162749358553, 43.639890751270322 ], [ -79.166582683912537, 43.624155390183425 ] ] ] } },
{ "type": "Feature", "properties": { "neighbourhood": "Downsview-Roding-CFB", "area_sqkm": 8.4929039447836452, "population": 36551, "crime_rate": 24.173840488726448, "stop_density": 5.2955335113301913, "median_stop_dist": 593.53913317866022, "stop_count": 44, "housing_pressure": 0.86830723121704068, "request_count": 5414, "request_rate": 148.12180241306666, "crime_zscore": 1.576994024155036, "transit_access_zscore": 0.58159778375469584, "transit_dist_zscore": 0.84283203823348707, "housing_zscore": 0.64513956541307971, "demand_zscore": -0.17570762473832444, "attention_score": 0.73405634574259138, "attention_score_normalized": 67.176352592410581 }, "geometry": { "type": "Polygon", "coordinates": [ [ [ -79.640843053092681, 43.644571930739254 ], [ -79.593965721661689, 43.643752304014214 ], [ -79.590871105794406, 43.664259017522895 ], [ -79.638139319631932, 43.664291827580847 ], [ -79.640843053092681, 43.644571930739254 ] ] ] } },
{ "type": "Feature", "properties": { "neighbourhood": "Dufferin Grove", "area_sqkm": 7.700410303095639, "population": 16394, "crime_rate": 8.5392105081580105, "stop_density": 5.5506375914609434, "median_stop_dist": 580.39174898586361, "stop_count": 42, "housing_pressure": 0.71234289086900482, "request_count": 2105, "request_rate": 128.40063437843114, "crime_zscore": -0.83691954842404992, "transit_access_zscore": 0.49259341619400077, "transit_dist_zscore": 0.75906252545214592, "housing_zscore": -0.94922074355677466, "demand_zscore": -0.41466243391667307, "attention_score": -0.34171916853161877, "attention_score_normalized": 28.448894136354109 }, "geometry": { "type": "Polygon", "coordinates": [ [ [ -79.590937501653471, 43.644510126219167 ], [ -79.544554761869875, 43.644787135623027 ], [ -79.544242744190996, 43.66314497747009 ], [ -79.590952516710658, 43.663086020845043 ], [ -79.590937501653471, 43.644510126219167 ] ] ] } },
{ "type": "Feature", "properties": { "neighbourhood": "East End-Danforth", "area_sqkm": 7.5334293322714929, "population": 8556, "crime_rate": 13.939467129632479, "stop_density": 7.5075067548442123, "median_stop_dist": 342.86588286752749, "stop_count": 56, "housing_pressure": 0.70090299892973928, "request_count": 1771, "request_rate": 206.98924731182797, "crime_zscore": -0.003145242911937577, "transit_access_zscore": -0.19014714286206991, "transit_dist_zscore": -0.75435077303507525, "housing_zscore": -1.0661661273936693, "demand_zscore": 0.53756955224712255, "attention_score": -0.30148861951154904, "attention_score_normalized": 29.89717669639197 }, "geometry": { "type": "Polygon", "coordinates": [ [ [ -79.544984864608566, 43.644647724358592 ], [ -79.500966164539037, 43.641335663248796 ], [ -79.498388230073019, 43.662330420792763 ], [ -79.545198677646297, 43.660640814715968 ], [ -79.544984864608566, 43.644647724358592 ] ] ] } },
{ "type": "Feature", "properties": { "neighbourhood": "Edenbridge-Humber Valley", "area_sqkm": 7.3580843003829424, "population": 8890, "crime_rate": 9.6193228159689319, "stop_density": 8.4983770354556896, "median_stop_dist": 373.96520916773181, "stop_count": 62, "housing_pressure": 0.67356089311653433, "request_count": 2019, "request_rate": 227.10911136107987, "crime_zscore": -0.67015527175264855, "transit_access_zscore": -0.53585616725443097, "transit_dist_zscore": -0.55619915794624064, "housing_zscore": -1.3456734056275872, "demand_zscore": 0.78135522793020884, "attention_score": -0.51149442253911792, "attention_score_normalized": 22.337057596852866 }, "geometry": { "type": "Polygon", "coordinates": [ [ [ -79.496246214817859, 43.641026939820456 ], [ -79.451747947060625, 43.642852691871106 ], [ -79.453146727833186, 43.660259924576557 ], [ -79.498048358621489, 43.660301012209416 ], [ -79.496246214817859, 43.641026939820456 ] ] ] } },
{ "type": "Feature", "properties": { "neighbourhood": "Eglinton East", "area_sqkm": 8.6498653751291243, "population": 46606, "crime_rate": 9.266490876304287, "stop_density": 11.891807843722979, "median_stop_dist": 116.92135981717989, "stop_count": 102, "housing_pressure": 0.807347040755096, "request_count": 4869, "request_rate": 104.47152727116681, "crime_zscore": -0.72463086913195562, "transit_access_zscore": -1.7198049414018481, "transit_dist_zscore": -2.1939727034499685, "housing_zscore": 0.021968218149459619, "demand_zscore": -0.70460343602072473, "attention_score": -0.90365299667754151, "attention_score_normalized": 8.2195166353647142 }, "geometry": { "type": "Polygon", "coordinates": [ [ [ -79.453599000582088, 43.643927653626278 ], [ -79.403448235846952, 43.64060261847267 ], [ -79.403392552906709, 43.663814265931833 ], [ -79.450084511500108, 43.660589007866882 ], [ -79.453599000582088, 43.643927653626278 ] ] ] } },
{ "type": "Feature", "properties": { "neighbourhood": "Elms-Old Rexdale", "area_sqkm": 7.6402648066234216, "population": 35740, "crime_rate": 3.8115128417997215, "stop_density": 11.958905942443995, "median_stop_dist": 211.96047934254742, "stop_count": 91, "housing_pressure": 0.90523018307456959, "request_count": 3131, "request_rate": 87.604924454392844, "crime_zscore": -1.566853904277467, "transit_access_zscore": -1.7432150877159649, "transit_dist_zscore": -1.5884240542996926, "housing_zscore": 1.0225879539375544, "demand_zscore": -0.9089704314487268, "attention_score": -0.81760644517707215, "attention_score_normalized": 11.317155691380584 }, "geometry": { "type": "Polygon", "coordinates": [ [ [ -79.40186524646775, 43.643664240310024 ], [ -79.357738642856063, 43.645162804784462 ], [ -79.3567298078394, 43.663174725166726 ], [ -79.406165625348308, 43.662014661914569 ], [ -79.40186524646775, 43.643664240310024 ] ] ] } },
{ "type": "Feature", "properties": { "neighbourhood": "Englemount-Lawrence", "area_sqkm": 9.3049975285152762, "population": 19502, "crime_rate": 16.410415347557731, "stop_density": 11.605879621657765, "median_stop_dist": 208.01211919178709, "stop_count": 107, "housing_pressure": 0.82236112884540946, "request_count": 2726, "request_rate": 139.78053532970978, "crime_zscore": 0.37835757792891789, "transit_access_zscore": -1.620046205439551, "transit_dist_zscore": -1.61358131762023, "housing_zscore": 0.17545116221959264, "demand_zscore": -0.27677597326152698, "attention_score": -0.40194713807414495, "attention_score_normalized": 26.280712989449629 }, "geometry": { "type": "Polygon", "coordinates": [ [ [ -79.356909918697156, 43.639459796768179 ], [ -79.311051143170488, 43.645083582795756 ], [ -79.311152286834883, 43.665092803799993 ], [ -79.357862178974656, 43.664252768313482 ], [ -79.356909918697156, 43.639459796768179 ] ] ] } },
{ "type": "Feature", "properties": { "neighbourhood": "Eringate-Centennial-West Deane", "area_sqkm": 8.2631491533281309, "population": 26777, "crime_rate": 14.058938511034953, "stop_density": 9.8070361325365401, "median_stop_dist": 387.18902992483299, "stop_count": 81, "housing_pressure": 0.82127540794508691, "request_count": 3482, "request_rate": 130.03697202823321, "crime_zscore": 0.01530057828502285, "transit_access_zscore": -0.99243990840248342, "transit_dist_zscore": -0.47194262404673815, "housing_zscore": 0.16435227701140673, "demand_zscore": -0.39483547690413279, "attention_score": -0.25371126142410239, "attention_score_normalized": 31.617141155445545 }, "geometry": { "type": "Polygon", "coordinates": [ [ [ -79.306361717406929, 43.642603052295925 ], [ -79.260390800318007, 43.643595267843892 ], [ -79.261492057503119, 43.664038107337227 ], [ -79.308420584613501, 43.661756526458596 ], [ -79.306361717406929, 43.642603052295925 ] ] ] } },
{ "type": "Feature", "properties": { "neighbourhood": "Etobicoke West Mall", "area_sqkm": 9.4264674506942168, "population": 15627, "crime_rate": 4.132532527499766, "stop_density": 7.3378769503990569, "median_stop_dist": 403.28915499046292, "stop_count": 69, "housing_pressure": 0.97044098635626352, "request_count": 1335, "request_rate": 85.429065079669797, "crime_zscore": -1.5172899697718525, "transit_access_zscore": -0.13096426559743676, "transit_dist_zscore": -0.36935950844831955, "housing_zscore": 1.689211595190196, "demand_zscore": -0.93533459308320666, "attention_score": -0.21913507836891891, "attention_score_normalized": 32.861868958849797 }, "geometry": { "type": "Polygon", "coordinates": [ [ [ -79.264731820886411, 43.641825292682256 ], [ -79.216849018702419, 43.640794078244696 ], [ -79.217269438693322, 43.662212759148829 ], [ -79.264573809004276, 43.66462399973971 ], [ -79.264731820886411, 43.641825292682256 ] ] ] } },
{ "type": "Feature", "properties": { "neighbourhood": "Flemingdon Park", "area_sqkm": 7.4163157086344045, "population": 13792, "crime_rate": 9.1302222132054514, "stop_density": 6.2532027306629026, "median_stop_dist": 410.75326675237602, "stop_count": 46, "housing_pressure": 0.75922860469945397, "request_count": 1815, "request_rate": 131.59802784222737, "crime_zscore": -0.74567011187580778, "transit_access_zscore": 0.24747242145016132, "transit_dist_zscore": -0.32180137852134, "housing_zscore": -0.46992707282296658, "demand_zscore": -0.37592068476329193, "attention_score": -0.3902327766880288, "attention_score_normalized": 26.70242498967685 }, "geometry": { "type": "Polygon", "coordinates": [ [ [ -79.214595759294752, 43.644440455811754 ], [ -79.167431896648054, 43.643529639463971 ], [ -79.169233516053268, 43.662921966051442 ], [ -79.214942344650026, 43.660663928040826 ], [ -79.214595759294752, 43.644440455811754 ] ] ] } },
{ "type": "Feature", "properties": { "neighbourhood": "Forest Hill North", "area_sqkm": 8.2959400806835184, "population": 48323, "crime_rate": 22.981849491266381, "stop_density": 2.6554202533631046, "median_stop_dist": 595.82732374241198, "stop_count": 22, "housing_pressure": 0.80126231706881679, "request_count": 6308, "request_rate": 130.53825300581502, "crime_zscore": 1.3929562022982296, "transit_access_zscore": 1.5027183346040918, "transit_dist_zscore": 0.85741141051511305, "housing_zscore": -0.040233448685432951, "demand_zscore": -0.38876162265105674, "attention_score": 0.61444782564086853, "attention_score_normalized": 62.870497019600855 }, "geometry": { "type": "Polygon", "coordinates": [ [ [ -79.168025051584976, 43.641698720714075 ], [ -79.119244840505715, 43.643002792896006 ], [ -79.119981182448527, 43.663887484982126 ], [ -79.165133788225603, 43.660348747135551 ], [ -79.168025051584976, 43.641698720714075 ] ] ] } },
{ "type": "Feature", "properties": { "neighbourhood": "Forest Hill South", "area_sqkm": 9.2401996803019113, "population": 48021, "crime_rate": 8.2703615946733926, "stop_density": 2.6764350530898566, "median_stop_dist": 718.48037368900168, "stop_count": 24, "housing_pressure": 0.89564847518308521, "request_count": 4493, "request_rate": 93.563232752337527, "crime_zscore": -0.87842856028043825, "transit_access_zscore": 1.4953863900968318, "transit_dist_zscore": 1.6389042218988947, "housing_zscore": 0.92463803333239669, "demand_zscore": -0.83677559897933973, "attention_score": 0.31434084026648057, "attention_score_normalized": 52.066773887549274 }, "geometry": { "type": "Polygon", "coordinates": [ [ [ -79.64284093213675, 43.664029084866634 ], [ -79.592212619239632, 43.661054529639408 ], [ -79.590085891278719, 43.681269566330556 ], [ -79.639547154932743, 43.684700669515394 ], [ -79.64284093213675, 43.664029084866634 ] ] ] } },
{ "type": "Feature", "properties": { "neighbourhood": "Glenfield-Jane Heights", "area_sqkm": 8.473168952439476, "population": 13433, "crime_rate": 6.187687186006908, "stop_density": 6.9487331787886077, "median_stop_dist": 476.20695372382181, "stop_count": 58, "housing_pressure": 0.77613106961919143, "request_count": 1602, "request_rate": 119.25854239559294, "crime_zscore": -1.1999837252310299, "transit_access_zscore": 0.0048057905483503711, "transit_dist_zscore": 0.095241539441348694, "housing_zscore": -0.29714001693795694, "demand_zscore": -0.52543411039209165, "attention_score": -0.46436065812221022, "attention_score_normalized": 24.033852959001319 }, "geometry": { "type": "Polygon", "coordinates": [ [ [ -79.59007848387462, 43.662405942634159 ], [ -79.546137929627747, 43.663936652387576 ], [ -79.542687402071607, 43.683595671189103 ], [ -79.590295168875542, 43.68411985458205 ], [ -79.59007848387462, 43.662405942634159 ] ] ] } },
{ "type": "Feature", "properties": { "neighbourhood": "Greenwood-Coxwell", "area_sqkm": 8.7925735867480199, "population": 48001, "crime_rate": 13.767960726106386, "stop_density": 7.3435953209159184, "median_stop_dist": 353.04476917876212, "stop_count": 64, "housing_pressure": 0.86992220671877352, "request_count": 4833, "request_rate": 100.68540238745025, "crime_zscore": -0.029625027580356719, "transit_access_zscore": -0.13295937265754385, "transit_dist_zscore": -0.68949525999576156, "housing_zscore": 0.66164880614192645, "demand_zscore": -0.75047864724173219, "attention_score": -0.11545797970594983, "attention_score_normalized": 36.594200172972563 }, "geometry": { "type": "Polygon", "coordinates": [ [ [ -79.54788788769001, 43.661251669885658 ], [ -79.49708377754132, 43.66049309088217 ], [ -79.50075468629106, 43.681450821854419 ], [ -79.546540691672789, 43.680955484800066 ], [ -79.54788788769001, 43.661251669885658 ] ] ] } },
{ "type": "Feature", "properties": { "neighbourhood": "Guildwood", "area_sqkm": 9.2894586259985044, "population": 16016, "crime_rate": 24.684309990433217, "stop_density": 8.5876554822980999, "median_stop_dist": 287.43858710809451, "stop_count": 79, "housing_pressure": 0.97021458093088109, "request_count": 4084, "request_rate": 254.99500499500499, "crime_zscore": 1.6558081220958976, "transit_access_zscore": -0.56700491130406394, "transit_dist_zscore": -1.1075098115530899, "housing_zscore": 1.6868971441871032, "demand_zscore": 1.1192392914075604, "attention_score": 0.80834696642368919, "attention_score_normalized": 69.850783166379301 }, "geometry": { "type": "Polygon", "coordinates": [ [ [ -79.500472829216093, 43.665146174942741 ], [ -79.449728667916915, 43.660216554691338 ], [ -79.450135433828407, 43.685732964741689 ], [ -79.495916986100653, 43.682537282494792 ], [ -79.500472829216093, 43.665146174942741 ] ] ] } },
{ "type": "Feature", "properties": { "neighbourhood": "Henry Farm", "area_sqkm": 7.7239846681729061, "population": 28897, "crime_rate": 8.3252159732530089, "stop_density": 11.519886417517185, "median_stop_dist": 264.19950541596478, "stop_count": 88, "housing_pressure": 0.98, "request_count": 3430, "request_rate": 118.69744264110462, "crime_zscore": -0.8699593013895468, "transit_access_zscore": -1.5900436639469682, "transit_dist_zscore": -1.2555793075294905, "housing_zscore": 1.7869295216884287, "demand_zscore": -0.53223276879448955, "attention_score": -0.30404744440564624, "attention_score_normalized": 29.805060094491679 }, "geometry": { "type": "Polygon", "coordinates": [ [ [ -79.44940540239925, 43.664487349339744 ], [ -79.401795355200761, 43.664897808659234 ], [ -79.400693332784357, 43.68253836128158 ], [ -79.451433384847618, 43.681910791108834 ], [ -79.44940540239925, 43.664487349339744 ] ] ] } },
{ "type": "Feature", "properties": { "neighbourhood": "High Park North", "area_sqkm": 8.7075017339938938, "population": 7612, "crime_rate": 17.786982042929328, "stop_density": 13.347648616485916, "median_stop_dist": 100.0, "stop_count": 116, "housing_pressure": 0.74345628463508062, "request_count": 2610, "request_rate": 342.87966368891227, "crime_zscore": 0.59089302223733675, "transit_access_zscore": -2.2277395349309885, "transit_dist_zscore": -2.3017883758830875, "housing_zscore": -0.63116111539250841, "demand_zscore": 2.1841083605734748, "attention_score": -0.25267453779620946, "attention_score_normalized": 31.654462762692503 }, "geometry": { "type": "Polygon", "coordinates": [ [ [ -79.401485887125304, 43.662309031591676 ], [ -79.356789672199383, 43.664735400841373 ], [ -79.35485840995689, 43.682890975087673 ], [ -79.402109106391862, 43.686430697799778 ], [ -79.401485887125304, 43.662309031591676 ] ] ] } },
{ "type": "Feature", "properties": { "neighbourhood": "High Park-Swansea", "area_sqkm": 9.7968839188257419, "population": 28483, "crime_rate": 19.755631537231785, "stop_density": 10.607948956540509, "median_stop_dist": 333.97456403104582, "stop_count": 103, "housing_pressure": 0.98, "request_count": 3978, "request_rate": 139.66225467822912, "crime_zscore": 0.89484327496822225, "transit_access_zscore": -1.2718738529132376, "transit_dist_zscore": -0.81100245644170421, "housing_zscore": 1.7869295216884287, "demand_zscore": -0.2782091404276103, "attention_score": 0.30236992467539936, "attention_score_normalized": 51.635826045659307 }, "geometry": { "type": "Polygon", "coordinates": [ [ [ -79.357443338757449, 43.660695666289939 ], [ -79.306717769719938, 43.665492240516997 ], [ -79.30975569901851, 43.683877668080839 ], [ -79.359298610454758, 43.6858048986428 ], [ -79.357443338757449, 43.660695666289939 ] ] ] } },
{ "type": "Feature", "properties": { "neighbourhood": "Highland Creek", "area_sqkm": 8.9766413679427153, "population": 22159, "crime_rate": 8.2280259678327923, "stop_density": 9.9471185990587063, "median_stop_dist": 343.89251547836398, "stop_count": 89, "housing_pressure": 0.83956109567451931, "request_count": 2626, "request_rate": 118.50715284985785, "crime_zscore": -0.88496498259175493, "transit_access_zscore": -1.0413138869478571, "transit_dist_zscore": -0.74780950882965813, "housing_zscore": 0.35127945968000102, "demand_zscore": -0.53453844666692085, "attention_score": -0.50869757942794991, "attention_score_normalized": 22.437742752778679 }, "geometry": { "type": "Polygon", "coordinates": [ [ [ -79.306387266209285, 43.66550921493544 ], [ -79.261377554489442, 43.660624643137638 ], [ -79.261027158545161, 43.682762035671693 ], [ -79.309400235959046, 43.68654652564846 ], [ -79.306387266209285, 43.66550921493544 ] ] ] } },
{ "type": "Feature", "properties": { "neighbourhood": "Hillcrest Village", "area_sqkm": 9.5586228722917497, "population": 49974, "crime_rate": 19.020759669460912, "stop_density": 6.5365988157781718, "median_stop_dist": 389.43981533947135, "stop_count": 62, "housing_pressure": 0.74272350607794257, "request_count": 5511, "request_rate": 110.27734421899387, "crime_zscore": 0.78138250372365969, "transit_access_zscore": 0.14859713371688282, "transit_dist_zscore": -0.45760158138800849, "housing_zscore": -0.63865201391558102, "demand_zscore": -0.63425629033158859, "attention_score": -0.13751930276496691, "attention_score_normalized": 35.800001977422305 }, "geometry": { "type": "Polygon", "coordinates": [ [ [ -79.260068707555831, 43.66183618770711 ], [ -79.212807745688693, 43.662048910349142 ], [ -79.21699821792717, 43.684881264582614 ], [ -79.261851659989972, 43.685360401022784 ], [ -79.260068707555831, 43.66183618770711 ] ] ] } },
{ "type": "Feature", "properties": { "neighbourhood": "Humber Bay Shores", "area_sqkm": 9.1851436466403822, "population": 45994, "crime_rate": 11.091228919823571, "stop_density": 4.6553420286431457, "median_stop_dist": 484.20044138488117, "stop_count": 42, "housing_pressure": 0.79819998855953578, "request_count": 4427, "request_rate": 96.251685002391625, "crime_zscore": -0.44289986973337186, "transit_access_zscore": 0.80495696329074828, "transit_dist_zscore": 0.14617262633827538, "housing_zscore": -0.071538393247306653, "demand_zscore": -0.80420052060322511, "attention_score": -0.1467802314214611, "attention_score_normalized": 35.466612506245461 }, "geometry": { "type": "Polygon", "coordinates": [ [ [ -79.21543996447015, 43.660422275637025 ], [ -79.169570325174163, 43.663374096370866 ], [ -79.169414777180421, 43.683495336854392 ], [ -79.212976390755159, 43.686172378942707 ], [ -79.21543996447015, 43.660422275637025 ] ] ] } },
{ "type": "Feature", "properties": { "neighbourhood": "Humber Heights-Westmount", "area_sqkm": 9.6429878671386184, "population": 19541, "crime_rate": 16.910728273058748, "stop_density": 4.1795140118548684, "median_stop_dist": 688.3522151074917, "stop_count": 40, "housing_pressure": 0.96455681899283707, "request_count": 3312, "request_rate": 169.48979069648431, "crime_zscore": 0.4556035481184692, "transit_access_zscore": 0.97097066123001208, "transit_dist_zscore": 1.4469404724288775, "housing_zscore": 1.6290601344482849, "demand_zscore": 0.083201155604797836, "attention_score": 0.9004928218114816, "attention_score_normalized": 73.167994553957797 }, "geometry": { "type": "Polygon", "coordinates": [ [ [ -79.169836149234541, 43.663786231456818 ], [ -79.118068839644266, 43.66068365913366 ], [ -79.118762546637072, 43.681350794682842 ], [ -79.169784634588879, 43.685051968634909 ], [ -79.169836149234541, 43.663786231456818 ] ] ] } },
{ "type": "Feature", "properties": { "neighbourhood": "Humber Summit", "area_sqkm": 8.5718709734421772, "population": 40920, "crime_rate": 16.937653636739682, "stop_density": 4.1104667000512425, "median_stop_dist": 569.33082414866192, "stop_count": 35, "housing_pressure": 0.79315434402434537, "request_count": 4467, "request_rate": 109.16422287390029, "crime_zscore": 0.45976069804250425, "transit_access_zscore": 0.99506087693999989, "transit_dist_zscore": 0.68858703991555659, "housing_zscore": -0.12311797459344444, "demand_zscore": -0.64774361005535164, "attention_score": 0.20715914637952806, "attention_score_normalized": 48.208278744111141 }, "geometry": { "type": "Polygon", "coordinates": [ [ [ -79.638123202596461, 43.681355180130666 ], [ -79.590043781262978, 43.686765991317159 ], [ -79.589811266344341, 43.703861009389925 ], [ -79.638479730888449, 43.703839237497789 ], [ -79.638123202596461, 43.681355180130666 ] ] ] } },
{ "type": "Feature", "properties": { "neighbourhood": "Humbermede", "area_sqkm": 9.9608832861514305, "population": 31531, "crime_rate": 14.787043049644687, "stop_density": 6.2145731865043485, "median_stop_dist": 463.39977008816072, "stop_count": 61, "housing_pressure": 0.75091542595070893, "request_count": 3590, "request_rate": 113.85620500459865, "crime_zscore": 0.12771650563289669, "transit_access_zscore": 0.26095005044467923, "transit_dist_zscore": 0.013639639205687793, "housing_zscore": -0.55490933356791572, "demand_zscore": -0.59089242899243599, "attention_score": -0.18378823933468691, "attention_score_normalized": 34.13434004792704 }, "geometry": { "type": "Polygon", "coordinates": [ [ [ -79.593181940671798, 43.683103711359337 ], [ -79.543016419143981, 43.681347158146345 ], [ -79.547787360560704, 43.706278266110949 ], [ -79.592771522101529, 43.704965810113805 ], [ -79.593181940671798, 43.683103711359337 ] ] ] } },
{ "type": "Feature", "properties": { "neighbourhood": "Humewood-Cedarvale", "area_sqkm": 8.7557030478444471, "population": 6585, "crime_rate": 4.9863749411969831, "stop_density": 8.2785452889579716, "median_stop_dist": 448.63264900360195, "stop_count": 72, "housing_pressure": 0.87252589307577055, "request_count": 1178, "request_rate": 178.89141989369782, "crime_zscore": -1.3854607039798863, "transit_access_zscore": -0.45915811696545084, "transit_dist_zscore": -0.0804501447617057, "housing_zscore": 0.68826523766299674, "demand_zscore": 0.19711755786049542, "attention_score": -0.21581659426619679, "attention_score_normalized": 32.981332967390614 }, "geometry": { "type": "Polygon", "coordinates": [ [ [ -79.54774938797388, 43.680914275714755 ], [ -79.497286556369119, 43.683658117698123 ], [ -79.49670554890622, 43.701953204269479 ], [ -79.544954332863966, 43.702328292112995 ], [ -79.54774938797388, 43.680914275714755 ] ] ] } },
{ "type": "Feature", "properties": { "neighbourhood": "Ionview", "area_sqkm": 8.4202586762465188, "population": 8943, "crime_rate": 21.376654902963235, "stop_density": 10.776448778896112, "median_stop_dist": 350.62727653196612, "stop_count": 90, "housing_pressure": 0.74945840440993838, "request_count": 2672, "request_rate": 298.78116962987809, "crime_zscore": 1.1451216831473912, "transit_access_zscore": -1.3306624858318612, "transit_dist_zscore": -0.70489848988582071, "housing_zscore": -0.5698038749017541, "demand_zscore": 1.649781630309711, "attention_score": 0.16845163176569922, "attention_score_normalized": 46.814824771368862 }, "geometry": { "type": "Polygon", "coordinates": [ [ [ -79.4998402431507, 43.686619189137005 ], [ -79.448129755672454, 43.683095377323298 ], [ -79.453836164060959, 43.703329657133075 ], [ -79.495362545221568, 43.706826979384523 ], [ -79.4998402431507, 43.686619189137005 ] ] ] } },
{ "type": "Feature", "properties": { "neighbourhood": "Islington-City Centre West", "area_sqkm": 10.068876152530382, "population": 28939, "crime_rate": 10.057161429378189, "stop_density": 10.920058856000365, "median_stop_dist": 351.19726996455597, "stop_count": 109, "housing_pressure": 0.70464514659717215, "request_count": 3369, "request_rate": 116.4172915442828, "crime_zscore": -0.60255504246539382, "transit_access_zscore": -1.3807672277139014, "transit_dist_zscore": -0.70126673535302353, "housing_zscore": -1.027911666803863, "demand_zscore": -0.5598605984079259, "attention_score": -0.83189389145893811, "attention_score_normalized": 10.802813735291906 }, "geometry": { "type": "Polygon", "coordinates": [ [ [ -79.453466311520685, 43.681105113317855 ], [ -79.403313237929964, 43.686193012528342 ], [ -79.400820548422658, 43.704781591269906 ], [ -79.450770503844069, 43.707573173392106 ], [ -79.453466311520685, 43.681105113317855 ] ] ] } },
{ "type": "Feature", "properties": { "neighbourhood": "Junction Area", "area_sqkm": 8.5158537131358418, "population": 24457, "crime_rate": 7.1034072287967929, "stop_density": 11.191196774378751, "median_stop_dist": 291.11579833285083, "stop_count": 95, "housing_pressure": 0.730293963965019, "request_count": 2970, "request_rate": 121.43762521977348, "crime_zscore": -1.0586008435945284, "transit_access_zscore": -1.4753657105551898, "transit_dist_zscore": -1.0840801932978716, "housing_zscore": -0.76571419081635506, "demand_zscore": -0.4990308912966816, "attention_score": -0.93980182244001653, "attention_score_normalized": 6.9181743670421483 }, "geometry": { "type": "Polygon", "coordinates": [ [ [ -79.403130477764833, 43.684622545674969 ], [ -79.353956688300698, 43.68502064598006 ], [ -79.359090958081595, 43.704342631003996 ], [ -79.404950584498806, 43.705380733095893 ], [ -79.403130477764833, 43.684622545674969 ] ] ] } },
{ "type": "Feature", "properties": { "neighbourhood": "Keelesdale-Eglinton West", "area_sqkm": 7.8364801576437335, "population": 6021, "crime_rate": 3.8970531142048062, "stop_density": 11.807629105070886, "median_stop_dist": 184.87046185263893, "stop_count": 92, "housing_pressure": 0.72333329797492685, "request_count": 1264, "request_rate": 209.93190499916957, "crime_zscore": -1.5536468872378968, "transit_access_zscore": -1.6904354566333313, "transit_dist_zscore": -1.7610300672593651, "housing_zscore": -0.83687026119650998, "demand_zscore": 0.57322475304055309, "attention_score": -1.0007041650843955, "attention_score_normalized": 4.7257160768681352 }, "geometry": { "type": "Polygon", "coordinates": [ [ [ -79.357699349265758, 43.686548622750614 ], [ -79.31096218213257, 43.686187736549499 ], [ -79.309308718661271, 43.7043493251321 ], [ -79.357243522995489, 43.705336180202195 ], [ -79.357699349265758, 43.686548622750614 ] ] ] } },
{ "type": "Feature", "properties": { "neighbourhood": "Kennedy Park", "area_sqkm": 9.9947620172022855, "population": 16653, "crime_rate": 15.99964475014132, "stop_density": 8.6141691070027679, "median_stop_dist": 285.99168798959533, "stop_count": 86, "housing_pressure": 0.71817987900610747, "request_count": 2570, "request_rate": 154.3265477691707, "crime_zscore": 0.31493652341389172, "transit_access_zscore": -0.57625536467733451, "transit_dist_zscore": -1.1167288343201309, "housing_zscore": -0.88955157694498799, "demand_zscore": -0.10052679670804961, "attention_score": -0.4177067525740038, "attention_score_normalized": 25.713373607089245 }, "geometry": { "type": "Polygon", "coordinates": [ [ [ -79.307901938806793, 43.684348090517261 ], [ -79.261601603620122, 43.681312561667944 ], [ -79.262961016120471, 43.707461753461381 ], [ -79.307208138972669, 43.707532649082268 ], [ -79.307901938806793, 43.684348090517261 ] ] ] } },
{ "type": "Feature", "properties": { "neighbourhood": "Kensington-Chinatown", "area_sqkm": 9.8760113207125144, "population": 48573, "crime_rate": 17.906415960530211, "stop_density": 7.3366358585114586, "median_stop_dist": 488.59759025991445, "stop_count": 72, "housing_pressure": 0.6987538570639148, "request_count": 5686, "request_rate": 117.06091861733884, "crime_zscore": 0.60933305919896508, "transit_access_zscore": -0.1305312556726885, "transit_dist_zscore": 0.17418937959405806, "housing_zscore": -1.0881359346045338, "demand_zscore": -0.55206198403812712, "attention_score": -0.22356439707081219, "attention_score_normalized": 32.702415379789734 }, "geometry": { "type": "Polygon", "coordinates": [ [ [ -79.25911938233844, 43.684954540881478 ], [ -79.21319113749513, 43.681821855482227 ], [ -79.213864963369844, 43.707080947722353 ], [ -79.262308723600441, 43.706550608072924 ], [ -79.25911938233844, 43.684954540881478 ] ] ] } },
{ "type": "Feature", "properties": { "neighbourhood": "Kingsview Village-The Westway", "area_sqkm": 7.1304771435912091, "population": 18417, "crime_rate": 3.3649322364128356, "stop_density": 4.4930303429016645, "median_stop_dist": 587.02933280207776, "stop_count": 32, "housing_pressure": 0.85978667067174896, "request_count": 2176, "request_rate": 118.1517076613998, "crime_zscore": -1.635803856142896, "transit_access_zscore": 0.8615865904206883, "transit_dist_zscore": 0.80135437257366071, "housing_zscore": 0.55803732452087995, "demand_zscore": -0.53884525735035438, "attention_score": -0.12776953992642254, "attention_score_normalized": 36.150989270101931 }, "geometry": { "type": "Polygon", "coordinates": [ [ [ -79.215286674344185, 43.686442524746276 ], [ -79.165409407288038, 43.686042537183155 ], [ -79.16434907049684, 43.701886696636024 ], [ -79.216642953198843, 43.701773586462373 ], [ -79.215286674344185, 43.686442524746276 ] ] ] } },
{ "type": "Feature", "properties": { "neighbourhood": "Kingsway South", "area_sqkm": 9.7078568174330986, "population": 45757, "crime_rate": 14.266047282584182, "stop_density": 2.4950842037558512, "median_stop_dist": 660.09019166160272, "stop_count": 24, "housing_pressure": 0.68381662931894627, "request_count": 5431, "request_rate": 118.6922219551107, "crime_zscore": 0.047277201669408825, "transit_access_zscore": 1.5586586734852239, "transit_dist_zscore": 1.2668669384422386, "housing_zscore": -1.2408331664812371, "demand_zscore": -0.5322960261037557, "attention_score": 0.018980645365411136, "attention_score_normalized": 41.433933182561574 }, "geometry": { "type": "Polygon", "coordinates": [ [ [ -79.16524275504446, 43.684410938138264 ], [ -79.120187841041229, 43.683131498985944 ], [ -79.120511082985985, 43.707434871002278 ], [ -79.168632284841152, 43.706668098154204 ], [ -79.16524275504446, 43.684410938138264 ] ] ] } },
{ "type": "Feature", "properties": { "neighbourhood": "L'Amoreaux", "area_sqkm": 9.5217750847441476, "population": 14692, "crime_rate": 7.9829070543546354, "stop_density": 5.1670957644177005, "median_stop_dist": 622.91608879806222, "stop_count": 49, "housing_pressure": 0.73997647016655144, "request_count": 1731, "request_rate": 117.81922134494963, "crime_zscore": -0.92281019369532136, "transit_access_zscore": 0.62640898563358272, "transit_dist_zscore": 1.0300094434989919, "housing_zscore": -0.66673384989592999, "demand_zscore": -0.54287388304647077, "attention_score": -0.25749802313722081, "attention_score_normalized": 31.48081935319043 }, "geometry": { "type": "Polygon", "coordinates": [ [ [ -79.637020178977551, 43.701953637595295 ], [ -79.592394682493662, 43.706803718872919 ], [ -79.591113348236192, 43.727262021439401 ], [ -79.637331405620699, 43.728382921424334 ], [ -79.637020178977551, 43.701953637595295 ] ] ] } },
{ "type": "Feature", "properties": { "neighbourhood": "Lambton Baby Point", "area_sqkm": 7.7074868913502383, "population": 11873, "crime_rate": 17.193801389007895, "stop_density": 6.6329942684899432, "median_stop_dist": 390.58978303673308, "stop_count": 51, "housing_pressure": 0.9482513926917151, "request_count": 2841, "request_rate": 239.28240545776131, "crime_zscore": 0.49930871015115941, "transit_access_zscore": 0.11496530666048814, "transit_dist_zscore": -0.45027447872627324, "housing_zscore": 1.4623763626493591, "demand_zscore": 0.92885496845448723, "attention_score": 0.62589588608115931, "attention_score_normalized": 63.282622299662563 }, "geometry": { "type": "Polygon", "coordinates": [ [ [ -79.590002966563716, 43.706713268959454 ], [ -79.544817497647841, 43.703099473225848 ], [ -79.547082688621529, 43.725087880196483 ], [ -79.591697068620832, 43.723159571875527 ], [ -79.590002966563716, 43.706713268959454 ] ] ] } },
{ "type": "Feature", "properties": { "neighbourhood": "Lansing-Westgate", "area_sqkm": 8.5064210110982597, "population": 10675, "crime_rate": 6.8360614381098115, "stop_density": 7.916609894890823, "median_stop_dist": 402.69452611363067, "stop_count": 67, "housing_pressure": 0.81445896806375306, "request_count": 1938, "request_rate": 181.54566744730678, "crime_zscore": -1.099877780337724, "transit_access_zscore": -0.33288090952029159, "transit_dist_zscore": -0.37314822950244714, "housing_zscore": 0.094670571750921292, "demand_zscore": 0.22927818934899699, "attention_score": -0.31135053513031208, "attention_score_normalized": 29.542151951586863 }, "geometry": { "type": "Polygon", "coordinates": [ [ [ -79.54533269924913, 43.705324154058133 ], [ -79.496547907831399, 43.703764360923586 ], [ -79.498060837175146, 43.723065960937816 ], [ -79.543341456452637, 43.726414054558177 ], [ -79.54533269924913, 43.705324154058133 ] ] ] } },
{ "type": "Feature", "properties": { "neighbourhood": "Lawrence Park North", "area_sqkm": 8.9695168880584593, "population": 5161, "crime_rate": 18.200630238254249, "stop_density": 8.6460017986199329, "median_stop_dist": 269.97063902248715, "stop_count": 77, "housing_pressure": 0.89547139986050217, "request_count": 2421, "request_rate": 469.09513660143381, "crime_zscore": 0.65475836437902313, "transit_access_zscore": -0.58736161034650702, "transit_dist_zscore": -1.2188081108165139, "housing_zscore": 0.92282786399885264, "demand_zscore": 3.7134191089124235, "attention_score": 0.86615492070250055, "attention_score_normalized": 71.931844798715019 }, "geometry": { "type": "Polygon", "coordinates": [ [ [ -79.500377726811109, 43.704926825648037 ], [ -79.453736394851219, 43.704981012444598 ], [ -79.449378267375053, 43.727644537000572 ], [ -79.497459960873698, 43.724805512581895 ], [ -79.500377726811109, 43.704926825648037 ] ] ] } },
{ "type": "Feature", "properties": { "neighbourhood": "Lawrence Park South", "area_sqkm": 7.9082574483187837, "population": 42065, "crime_rate": 11.508177618611823, "stop_density": 9.3825979902869268, "median_stop_dist": 324.6022288844789, "stop_count": 74, "housing_pressure": 0.73416791350452359, "request_count": 4025, "request_rate": 95.68524901937478, "crime_zscore": -0.3785249453299766, "transit_access_zscore": -0.84435584639845407, "transit_dist_zscore": -0.87071897018605116, "housing_zscore": -0.72611237304855425, "demand_zscore": -0.81106383630520718, "attention_score": -0.69563331934334993, "attention_score_normalized": 15.708136059313347 }, "geometry": { "type": "Polygon", "coordinates": [ [ [ -79.451805565556256, 43.705839863223986 ], [ -79.403096857515237, 43.702893169584442 ], [ -79.404282899365768, 43.723202844238138 ], [ -79.451284241376953, 43.722471883378624 ], [ -79.451805565556256, 43.705839863223986 ] ] ] } },
{ "type": "Feature", "properties": { "neighbourhood": "Leaside-Bennington", "area_sqkm": 8.9755083971813363, "population": 31557, "crime_rate": 23.60805975220816, "stop_density": 9.8556808211003535, "median_stop_dist": 218.47661408134979, "stop_count": 88, "housing_pressure": 0.74552090402542714, "request_count": 4645, "request_rate": 147.19396647336566, "crime_zscore": 1.4896401308628564, "transit_access_zscore": -1.0094117645115275, "transit_dist_zscore": -1.5469060287911571, "housing_zscore": -0.61005534722939836, "demand_zscore": -0.18694990306234072, "attention_score": -0.20094145369950631, "attention_score_normalized": 33.516831666404194 }, "geometry": { "type": "Polygon", "coordinates": [ [ [ -79.404257106942438, 43.707040336782349 ], [ -79.355631116162272, 43.703704917417525 ], [ -79.354189454111165, 43.725468552319576 ], [ -79.400939239894427, 43.727086533461069 ], [ -79.404257106942438, 43.707040336782349 ] ] ] } },
{ "type": "Feature", "properties": { "neighbourhood": "Little Portugal", "area_sqkm": 8.792103365596855, "population": 38763, "crime_rate": 6.0254607712118515, "stop_density": 9.5741821334457615, "median_stop_dist": 245.0544765813263, "stop_count": 84, "housing_pressure": 0.6878327943512007, "request_count": 4121, "request_rate": 106.31272089363569, "crime_zscore": -1.2250307231447211, "transit_access_zscore": -0.91119846799733228, "transit_dist_zscore": -1.3775632485282703, "housing_zscore": -1.1997775373072204, "demand_zscore": -0.68229430757839538, "attention_score": -1.0859751841075047, "attention_score_normalized": 1.6559958583790255 }, "geometry": { "type": "Polygon", "coordinates": [ [ [ -79.356608821826214, 43.702497825500963 ], [ -79.306210713639203, 43.707174910366355 ], [ -79.309135200526953, 43.7253373131431 ], [ -79.357391126701913, 43.723934081714411 ], [ -79.356608821826214, 43.702497825500963 ] ] ] } },
{ "type": "Feature", "properties": { "neighbourhood": "Long Branch", "area_sqkm": 7.7164030774466577, "population": 37606, "crime_rate": 10.503459723105687, "stop_density": 9.1544271793379455, "median_stop_dist": 265.78389038852367, "stop_count": 70, "housing_pressure": 0.72168349861875414, "request_count": 4207, "request_rate": 111.87044620539275, "crime_zscore": -0.53364867819667416, "transit_access_zscore": -0.76474834379043566, "transit_dist_zscore": -1.2454842836629136, "housing_zscore": -0.85373549209080335, "demand_zscore": -0.61495320541831067, "attention_score": -0.77137157777353393, "attention_score_normalized": 12.981591145463062 }, "geometry": { "type": "Polygon", "coordinates": [ [ [ -79.311322634057163, 43.705415789741288 ], [ -79.263906765657111, 43.703056258328054 ], [ -79.263985218782295, 43.722839795353273 ], [ -79.308245660622092, 43.723157893716085 ], [ -79.311322634057163, 43.705415789741288 ] ] ] } },
{ "type": "Feature", "properties": { "neighbourhood": "Malvern", "area_sqkm": 9.6725874823064579, "population": 16534, "crime_rate": 5.4964174672929591, "stop_density": 7.9845518072223438, "median_stop_dist": 430.61447006209551, "stop_count": 77, "housing_pressure": 0.74617965232053673, "request_count": 1543, "request_rate": 93.322849885085276, "crime_zscore": -1.3067125290716348, "transit_access_zscore": -0.35658545762015648, "transit_dist_zscore": -0.19525427986593383, "housing_zscore": -0.60332123010377481, "demand_zscore": -0.8396882379301932, "attention_score": -0.72822204800280466, "attention_score_normalized": 14.534955764215987 }, "geometry": { "type": "Polygon", "coordinates": [ [ [ -79.260812835387057, 43.702706665121781 ], [ -79.216511535318247, 43.703689388315333 ], [ -79.216391720432611, 43.727765345844055 ], [ -79.264572970120582, 43.725228385226195 ], [ -79.260812835387057, 43.702706665121781 ] ] ] } },
{ "type": "Feature", "properties": { "neighbourhood": "Maple Leaf", "area_sqkm": 8.6572515253582782, "population": 34127, "crime_rate": 23.343259602128381, "stop_density": 6.1071455640007501, "median_stop_dist": 543.85169765304715, "stop_count": 52, "housing_pressure": 0.69634161477892442, "request_count": 5461, "request_rate": 160.01992557212762, "crime_zscore": 1.448756229095242, "transit_access_zscore": 0.29843093900820655, "transit_dist_zscore": 0.52624493586407384, "housing_zscore": -1.112795310883913, "demand_zscore": -0.031542038599579936, "attention_score": 0.20138320306375834, "attention_score_normalized": 48.000347254838552 }, "geometry": { "type": "Polygon", "coordinates": [ [ [ -79.216821639318852, 43.702628994993823 ], [ -79.167508054664538, 43.703286926649582 ], [ -79.169034724962302, 43.72344667829028 ], [ -79.215359835379175, 43.72291683058716 ], [ -79.216821639318852, 43.702628994993823 ] ] ] } },
{ "type": "Feature", "properties": { "neighbourhood": "Markland Wood", "area_sqkm": 8.0743703385995751, "population": 45397, "crime_rate": 22.301465774381583, "stop_density": 3.1041163474129574, "median_stop_dist": 661.46793564878408, "stop_count": 25, "housing_pressure": 0.6499151756197622, "request_count": 5373, "request_rate": 118.35583849153028, "crime_zscore": 1.287908146105581, "transit_access_zscore": 1.3461708107174004, "transit_dist_zscore": 1.2756453342699683, "housing_zscore": -1.587394002591227, "demand_zscore": -0.53637187223058969, "attention_score": 0.21112658318057587, "attention_score_normalized": 48.3511047722656 }, "geometry": { "type": "Polygon", "coordinates": [ [ [ -79.166505324935784, 43.704635888240517 ], [ -79.122509445808305, 43.705757753587164 ], [ -79.117758528255365, 43.722620488223669 ], [ -79.164747492869537, 43.727181077778077 ], [ -79.166505324935784, 43.704635888240517 ] ] ] } },
{ "type": "Feature", "properties": { "neighbourhood": "Mimico (includes Humber Bay Shores)", "area_sqkm": 10.258678088859554, "population": 30851, "crime_rate": 8.6747158097334243, "stop_density": 4.8246318992185255, "median_stop_dist": 651.20291473398208, "stop_count": 49, "housing_pressure": 0.65855618869545152, "request_count": 3002, "request_rate": 97.306408220154935, "crime_zscore": -0.8159981651207131, "transit_access_zscore": 0.7458926870264454, "transit_dist_zscore": 1.2102410083513289, "housing_zscore": -1.4990604242461685, "demand_zscore": -0.7914207914921515, "attention_score": -0.44362875133348456, "attention_score_normalized": 24.780192737348937 }, "geometry": { "type": "Polygon", "coordinates": [ [ [ -79.641892873883862, 43.722751083143741 ], [ -79.594471176787252, 43.724045881273497 ], [ -79.593504440110522, 43.747991053832607 ], [ -79.640092862088849, 43.747643404296149 ], [ -79.641892873883862, 43.722751083143741 ] ] ] } },
{ "type": "Feature", "properties": { "neighbourhood": "Morningside", "area_sqkm": 9.142921229510522, "population": 6016, "crime_rate": 17.519649012751941, "stop_density": 5.9487611443679071, "median_stop_dist": 477.53605868634548, "stop_count": 54, "housing_pressure": 0.79239815543045899, "request_count": 2374, "request_rate": 394.61436170212767, "crime_zscore": 0.54961805565700028, "transit_access_zscore": 0.35369036525361841, "transit_dist_zscore": 0.10371002819266034, "housing_zscore": -0.13084818444460511, "demand_zscore": 2.8109604248090223, "attention_score": 0.73549461178184505, "attention_score_normalized": 67.228129554746019 }, "geometry": { "type": "Polygon", "coordinates": [ [ [ -79.59550717350993, 43.726094144013793 ], [ -79.546939923788486, 43.724598097222028 ], [ -79.544174447939241, 43.745929054450642 ], [ -79.590356031701148, 43.747638671782646 ], [ -79.59550717350993, 43.726094144013793 ] ] ] } },
{ "type": "Feature", "properties": { "neighbourhood": "Moss Park", "area_sqkm": 7.9540064445355583, "population": 29253, "crime_rate": 20.978888404426748, "stop_density": 7.0423217615686475, "median_stop_dist": 405.02632917793977, "stop_count": 56, "housing_pressure": 0.71704396480898103, "request_count": 4533, "request_rate": 154.95846579837965, "crime_zscore": 1.0837084005351487, "transit_access_zscore": -0.027846735498939085, "transit_dist_zscore": -0.35829097700759471, "housing_zscore": -0.90116356790556507, "demand_zscore": -0.092870056913490442, "attention_score": -0.03085846010128223, "attention_score_normalized": 39.639746699566011 }, "geometry": { "type": "Polygon", "coordinates": [ [ [ -79.545258841855812, 43.725454680037309 ], [ -79.499726995160017, 43.725577296296201 ], [ -79.49956635879613, 43.743796878221886 ], [ -79.546190840475916, 43.745838320354785 ], [ -79.545258841855812, 43.725454680037309 ] ] ] } },
{ "type": "Feature", "properties": { "neighbourhood": "Mount Dennis", "area_sqkm": 9.4231658996381391, "population": 29276, "crime_rate": 15.214417855188172, "stop_density": 8.8089224472701986, "median_stop_dist": 433.27370327438211, "stop_count": 83, "housing_pressure": 0.78560911977155268, "request_count": 3683, "request_rate": 125.80270528760759, "crime_zscore": 0.19370117204086096, "transit_access_zscore": -0.64420370118356018, "transit_dist_zscore": -0.17831078241438295, "housing_zscore": -0.20024974743385637, "demand_zscore": -0.44614067339348068, "attention_score": -0.21424245106663645, "attention_score_normalized": 33.038001449388915 }, "geometry": { "type": "Polygon", "coordinates": [ [ [ -79.500463245390904, 43.722505042571278 ], [ -79.448565927224649, 43.724317090378115 ], [ -79.450347536187763, 43.744422534195827 ], [ -79.497107204266953, 43.745118830266911 ], [ -79.500463245390904, 43.722505042571278 ] ] ] } },
{ "type": "Feature", "properties": { "neighbourhood": "Mount Olive-Silverstone-Jamestown", "area_sqkm": 8.129743147846856, "population": 28247, "crime_rate": 14.652312723832143, "stop_density": 9.3623640911350137, "median_stop_dist": 276.60096314713985, "stop_count": 76, "housing_pressure": 0.84372574399796363, "request_count": 3542, "request_rate": 125.39384713420895, "crime_zscore": 0.10691477495419734, "transit_access_zscore": -0.837296353675406, "transit_dist_zscore": -1.1765625193467797, "housing_zscore": 0.39385297342615838, "demand_zscore": -0.45109467114122054, "attention_score": -0.26710582808648298, "attention_score_normalized": 31.134942483816364 }, "geometry": { "type": "Polygon", "coordinates": [ [ [ -79.450388044200963, 43.727119642816255 ], [ -79.402163726791258, 43.72537526857819 ], [ -79.404046406358987, 43.743675367882368 ], [ -79.453143609092322, 43.74637648540476 ], [ -79.450388044200963, 43.727119642816255 ] ] ] } },
{ "type": "Feature", "properties": { "neighbourhood": "Mount Pleasant East", "area_sqkm": 10.116877255234831, "population": 29300, "crime_rate": 8.3207503998099366, "stop_density": 9.3443309947284554, "median_stop_dist": 425.4279581516995, "stop_count": 94, "housing_pressure": 0.91331434023881941, "request_count": 3288, "request_rate": 112.2184300341297, "crime_zscore": -0.87064876499418464, "transit_access_zscore": -0.83100470855548436, "transit_dist_zscore": -0.22830051700309309, "housing_zscore": 1.1052290197439572, "demand_zscore": -0.61073680153964838, "attention_score": -0.22239808045427317, "attention_score_normalized": 32.744402279207222 }, "geometry": { "type": "Polygon", "coordinates": [ [ [ -79.404499783280983, 43.724087270819403 ], [ -79.353444544870882, 43.724563109163007 ], [ -79.355728987447492, 43.747029349601831 ], [ -79.405213002885944, 43.746578515981859 ], [ -79.404499783280983, 43.724087270819403 ] ] ] } },
{ "type": "Feature", "properties": { "neighbourhood": "Mount Pleasant West", "area_sqkm": 8.6155062843562717, "population": 13529, "crime_rate": 5.0482608917297824, "stop_density": 9.2642686575902502, "median_stop_dist": 239.21746205845074, "stop_count": 79, "housing_pressure": 0.68206217079135512, "request_count": 1415, "request_rate": 104.59013969990392, "crime_zscore": -1.3759058033440064, "transit_access_zscore": -0.80307141294231832, "transit_dist_zscore": -1.4147542102822288, "housing_zscore": -1.2587682857135114, "demand_zscore": -0.70316624882038858, "attention_score": -1.1319756155121392, "attention_score_normalized": 0.0 }, "geometry": { "type": "Polygon", "coordinates": [ [ [ -79.358244234219327, 43.722995310220334 ], [ -79.310380338078744, 43.72330177021972 ], [ -79.31105066751914, 43.744629592524156 ], [ -79.353983043815887, 43.744117934393401 ], [ -79.358244234219327, 43.722995310220334 ] ] ] } },
{ "type": "Feature", "properties": { "neighbourhood": "New Toronto", "area_sqkm": 10.040946954566051, "population": 22262, "crime_rate": 22.738746674973189, "stop_density": 9.2153781890564161, "median_stop_dist": 433.20685588870697, "stop_count": 92, "housing_pressure": 0.93764230509869251, "request_count": 4338, "request_rate": 194.86119845476597, "crime_zscore": 1.3554222671483938, "transit_access_zscore": -0.78601380559487932, "transit_dist_zscore": -0.17873670538480785, "housing_zscore": 1.3539239552916615, "demand_zscore": 0.39061803318622323, "attention_score": 0.61074758560030529, "attention_score_normalized": 62.737289960556538 }, "geometry": { "type": "Polygon", "coordinates": [ [ [ -79.311418675677899, 43.722866017858586 ], [ -79.262431048223917, 43.725531683722032 ], [ -79.25900135921853, 43.745616227115782 ], [ -79.306897866335547, 43.749048117855295 ], [ -79.311418675677899, 43.722866017858586 ] ] ] } },
{ "type": "Feature", "properties": { "neighbourhood": "Newtonbrook East", "area_sqkm": 8.3892317660993427, "population": 14268, "crime_rate": 22.809197257593269, "stop_density": 5.4339834497246162, "median_stop_dist": 436.9328099038845, "stop_count": 45, "housing_pressure": 0.86468849452044561, "request_count": 3698, "request_rate": 259.18138491729746, "crime_zscore": 1.366299506826856, "transit_access_zscore": 0.53329338501949297, "transit_dist_zscore": -0.15499651890207666, "housing_zscore": 0.60814668521502269, "demand_zscore": 1.1699642593061443, "attention_score": 0.78434892978931092, "attention_score_normalized": 68.986864110355967 }, "geometry": { "type": "Polygon", "coordinates": [ [ [ -79.259241925883416, 43.727287047810307 ], [ -79.21420487718737, 43.72393203234688 ], [ -79.21411577840864, 43.744179171678184 ], [ -79.263138307256227, 43.747165705473392 ], [ -79.259241925883416, 43.727287047810307 ] ] ] } },
{ "type": "Feature", "properties": { "neighbourhood": "Newtonbrook West", "area_sqkm": 8.1095961596990804, "population": 26271, "crime_rate": 16.928232060011894, "stop_density": 4.112764991275526, "median_stop_dist": 672.59037317583795, "stop_count": 33, "housing_pressure": 0.6599868867633949, "request_count": 4264, "request_rate": 162.30824863918389, "crime_zscore": 0.45830605076485387, "transit_access_zscore": 0.99425901615916568, "transit_dist_zscore": 1.3465127523752896, "housing_zscore": -1.484434977117943, "demand_zscore": -0.0038151919510188456, "attention_score": 0.093820495301692244, "attention_score_normalized": 44.128135774837759 }, "geometry": { "type": "Polygon", "coordinates": [ [ [ -79.214499792273358, 43.727001572983767 ], [ -79.16881826887824, 43.723506877875955 ], [ -79.169583706324303, 43.745095921572272 ], [ -79.213881734290808, 43.745706464785542 ], [ -79.214499792273358, 43.727001572983767 ] ] ] } },
{ "type": "Feature", "properties": { "neighbourhood": "Niagara", "area_sqkm": 8.3383783808709246, "population": 17185, "crime_rate": 10.458655403071415, "stop_density": 2.2309753942351152, "median_stop_dist": 693.99145210550421, "stop_count": 18, "housing_pressure": 0.92319391400545414, "request_count": 2830, "request_rate": 164.67849869071867, "crime_zscore": -0.54056625516365864, "transit_access_zscore": 1.6508047400889134, "transit_dist_zscore": 1.4828712803260746, "housing_zscore": 1.2062239025993096, "demand_zscore": 0.024904336617205359, "attention_score": 0.641446682244602, "attention_score_normalized": 63.842444311213583 }, "geometry": { "type": "Polygon", "coordinates": [ [ [ -79.167077190677418, 43.724116398704055 ], [ -79.122689058779073, 43.725872044713149 ], [ -79.120980374330841, 43.744080022445488 ], [ -79.169466239211104, 43.746040686764971 ], [ -79.167077190677418, 43.724116398704055 ] ] ] } },
{ "type": "Feature", "properties": { "neighbourhood": "North Riverdale", "area_sqkm": 9.1992950081160654, "population": 26243, "crime_rate": 10.68261064147854, "stop_density": 1.7694235602087427, "median_stop_dist": 810.12178121342299, "stop_count": 16, "housing_pressure": 0.93603231646323315, "request_count": 3586, "request_rate": 136.64596273291926, "crime_zscore": -0.50598861627402447, "transit_access_zscore": 1.8118375587837017, "transit_dist_zscore": 2.2228041023879093, "housing_zscore": 1.337465693277788, "demand_zscore": -0.31475654294209976, "attention_score": 0.75011420983826249, "attention_score_normalized": 67.754428832673099 }, "geometry": { "type": "Polygon", "coordinates": [ [ [ -79.641472156071416, 43.743534095976685 ], [ -79.591638256393935, 43.749093607548183 ], [ -79.591165905567934, 43.765857199992929 ], [ -79.639426167556351, 43.768782323598202 ], [ -79.641472156071416, 43.743534095976685 ] ] ] } },
{ "type": "Feature", "properties": { "neighbourhood": "North St.James Town", "area_sqkm": 8.9552600515178309, "population": 44099, "crime_rate": 18.971024935145266, "stop_density": 5.9523178769013878, "median_stop_dist": 417.1434191020104, "stop_count": 53, "housing_pressure": 0.6495934203231053, "request_count": 5474, "request_rate": 124.12979886165219, "crime_zscore": 0.77370369390581539, "transit_access_zscore": 0.35244944143318113, "transit_dist_zscore": -0.28108605895072136, "housing_zscore": -1.5906831767258134, "demand_zscore": -0.46641072205821205, "attention_score": -0.28682250774427298, "attention_score_normalized": 30.425150448018261 }, "geometry": { "type": "Polygon", "coordinates": [ [ [ -79.590743556280543, 43.745983303285144 ], [ -79.542664383990541, 43.745624891638727 ], [ -79.547708762113629, 43.766016286522337 ], [ -79.591342067876056, 43.769500251788564 ], [ -79.590743556280543, 43.745983303285144 ] ] ] } },
{ "type": "Feature", "properties": { "neighbourhood": "O'Connor-Parkview", "area_sqkm": 8.123372841162313, "population": 13571, "crime_rate": 22.736425718956696, "stop_density": 7.0846657753565019, "median_stop_dist": 456.53756811243903, "stop_count": 57, "housing_pressure": 0.73835461182832485, "request_count": 3277, "request_rate": 241.47078328789331, "crime_zscore": 1.3550639224202783, "transit_access_zscore": -0.042620321892530483, "transit_dist_zscore": -0.03008337882464527, "housing_zscore": -0.68331345107572528, "demand_zscore": 0.95537081203388019, "attention_score": 0.34810622513533795, "attention_score_normalized": 53.282313302985465 }, "geometry": { "type": "Polygon", "coordinates": [ [ [ -79.545007706775465, 43.748783888894771 ], [ -79.496130845521265, 43.744241244550842 ], [ -79.500343183922055, 43.764322054527277 ], [ -79.543682941583384, 43.768369800818817 ], [ -79.545007706775465, 43.748783888894771 ] ] ] } },
{ "type": "Feature", "properties": { "neighbourhood": "Oakridge", "area_sqkm": 9.1617168011901153, "population": 44976, "crime_rate": 22.515901333832581, "stop_density": 7.7917808721509303, "median_stop_dist": 504.27146351627329, "stop_count": 71, "housing_pressure": 0.93524760946831265, "request_count": 5954, "request_rate": 132.38171469228033, "crime_zscore": 1.3210159911934207, "transit_access_zscore": -0.28932877105002786, "transit_dist_zscore": 0.27405660084716893, "housing_zscore": 1.329443951358575, "demand_zscore": -0.36642501283447421, "attention_score": 0.58703915754067515, "attention_score_normalized": 61.88379668937236 }, "geometry": { "type": "Polygon", "coordinates": [ [ [ -79.497190634857645, 43.744363610074132 ], [ -79.450770698360472, 43.744135781811039 ], [ -79.451756108004346, 43.764908671710664 ], [ -79.49591861493694, 43.768810525244469 ], [ -79.497190634857645, 43.744363610074132 ] ] ] } },
{ "type": "Feature", "properties": { "neighbourhood": "Oakwood Village", "area_sqkm": 8.3081208027568056, "population": 43044, "crime_rate": 20.157262008867725, "stop_density": 7.64943553475839, "median_stop_dist": 422.14779209611027, "stop_count": 63, "housing_pressure": 0.92319033374099202, "request_count": 5053, "request_rate": 117.3915063655794, "crime_zscore": 0.95685313691239893, "transit_access_zscore": -0.23966528968452711, "transit_dist_zscore": -0.24920033314059922, "housing_zscore": 1.2061873030051891, "demand_zscore": -0.54805636265917101, "attention_score": 0.3578189940237938, "attention_score_normalized": 53.631968829282449 }, "geometry": { "type": "Polygon", "coordinates": [ [ [ -79.451133012195072, 43.745508516798381 ], [ -79.404828096391384, 43.748053442790678 ], [ -79.402150707355304, 43.7665578863745 ], [ -79.450892768568536, 43.766184743499629 ], [ -79.451133012195072, 43.745508516798381 ] ] ] } },
{ "type": "Feature", "properties": { "neighbourhood": "Old East York", "area_sqkm": 7.9441496192206271, "population": 45774, "crime_rate": 17.12469621539433, "stop_density": 9.2430921782799977, "median_stop_dist": 363.72511871305261, "stop_count": 73, "housing_pressure": 0.72931772804914452, "request_count": 5690, "request_rate": 124.30637479792021, "crime_zscore": 0.48863919531591588, "transit_access_zscore": -0.79568305934481753, "transit_dist_zscore": -0.62144463762845203, "housing_zscore": -0.77569385535369617, "demand_zscore": -0.46427121038819785, "attention_score": -0.37718706163307508, "attention_score_normalized": 27.172065152625841 }, "geometry": { "type": "Polygon", "coordinates": [ [ [ -79.401197530970578, 43.744547122324725 ], [ -79.355618208388151, 43.748551293593493 ], [ -79.358662248119387, 43.766226424251315 ], [ -79.400997370894686, 43.76718439408976 ], [ -79.401197530970578, 43.744547122324725 ] ] ] } },
{ "type": "Feature", "properties": { "neighbourhood": "Palmerston-Little Italy", "area_sqkm": 8.7956469195829268, "population": 7568, "crime_rate": 4.8510792298910745, "stop_density": 8.7764747395136045, "median_stop_dist": 400.32600082124321, "stop_count": 77, "housing_pressure": 0.73457275839428116, "request_count": 1170, "request_rate": 154.5983086680761, "crime_zscore": -1.406349727528188, "transit_access_zscore": -0.63288287986941383, "transit_dist_zscore": -0.38823946033924656, "housing_zscore": -0.72197380764265207, "demand_zscore": -0.097233960623187551, "attention_score": -0.70469602694864664, "attention_score_normalized": 15.381882461209928 }, "geometry": { "type": "Polygon", "coordinates": [ [ [ -79.355643199828066, 43.746920094472273 ], [ -79.308890142539056, 43.74516327984179 ], [ -79.306727553592609, 43.764758709359057 ], [ -79.354632053096296, 43.768687228058702 ], [ -79.355643199828066, 43.746920094472273 ] ] ] } },
{ "type": "Feature", "properties": { "neighbourhood": "Parkwoods-Donalda", "area_sqkm": 9.7345884822989515, "population": 7027, "crime_rate": 6.5558317100815025, "stop_density": 6.895228209976124, "median_stop_dist": 446.14680245474847, "stop_count": 67, "housing_pressure": 0.78279542431236759, "request_count": 1034, "request_rate": 147.14671979507614, "crime_zscore": -1.1431439366054712, "transit_access_zscore": 0.023473370886810691, "transit_dist_zscore": -0.096288896500681093, "housing_zscore": -0.22901301698408022, "demand_zscore": -0.18752237528990637, "attention_score": -0.39146604229744969, "attention_score_normalized": 26.658027955146508 }, "geometry": { "type": "Polygon", "coordinates": [ [ [ -79.311889714482504, 43.744063895432241 ], [ -79.26139884370896, 43.74502417856062 ], [ -79.260243429703735, 43.765414011761962 ], [ -79.306830315270346, 43.768386754678517 ], [ -79.311889714482504, 43.744063895432241 ] ] ] } },
{ "type": "Feature", "properties": { "neighbourhood": "Pelmo Park-Humberlea", "area_sqkm": 9.0255905333374304, "population": 7695, "crime_rate": 22.768192147595745, "stop_density": 6.3161365657833777, "median_stop_dist": 509.7047877276438, "stop_count": 57, "housing_pressure": 0.8113712249674363, "request_count": 3347, "request_rate": 434.95776478232619, "crime_zscore": 1.3599685100785386, "transit_access_zscore": 0.22551516310213338, "transit_dist_zscore": 0.30867542047662383, "housing_zscore": 0.063105824154916543, "demand_zscore": 3.2997879713165741, "attention_score": 1.0958547653584922, "attention_score_normalized": 80.2009409746762 }, "geometry": { "type": "Polygon", "coordinates": [ [ [ -79.264053249844196, 43.745206336646142 ], [ -79.215161730802095, 43.748081389981877 ], [ -79.212761682350788, 43.764586867344811 ], [ -79.263918677254097, 43.769001790673485 ], [ -79.264053249844196, 43.745206336646142 ] ] ] } },
{ "type": "Feature", "properties": { "neighbourhood": "Playter Estates-Danforth", "area_sqkm": 9.1871074997138891, "population": 10258, "crime_rate": 16.341439312510978, "stop_density": 4.5831152764719585, "median_stop_dist": 587.70709856102212, "stop_count": 42, "housing_pressure": 0.84461917897960215, "request_count": 2189, "request_rate": 213.39442386430105, "crime_zscore": 0.36770800148297811, "transit_access_zscore": 0.83015646772307528, "transit_dist_zscore": 0.80567280630725102, "housing_zscore": 0.40298619753489362, "demand_zscore": 0.61517893816999458, "attention_score": 0.5610837284930158, "attention_score_normalized": 60.949412343554165 }, "geometry": { "type": "Polygon", "coordinates": [ [ [ -79.213381763878658, 43.744529354525241 ], [ -79.167016380612651, 43.747487361564204 ], [ -79.168761932919296, 43.768243296142352 ], [ -79.215471278584431, 43.767769962720386 ], [ -79.213381763878658, 43.744529354525241 ] ] ] } },
{ "type": "Feature", "properties": { "neighbourhood": "Pleasant View", "area_sqkm": 8.7263444265855554, "population": 27002, "crime_rate": 3.2023351355658525, "stop_density": 3.5556504323098825, "median_stop_dist": 702.44908048270361, "stop_count": 31, "housing_pressure": 0.7433539416673639, "request_count": 2925, "request_rate": 108.32530923635287, "crime_zscore": -1.6609080862451981, "transit_access_zscore": 1.188633127910643, "transit_dist_zscore": 1.5367596734888618, "housing_zscore": -0.6322073261177652, "demand_zscore": -0.6579084465308177, "attention_score": -0.29605162218697867, "attention_score_normalized": 30.092906274932378 }, "geometry": { "type": "Polygon", "coordinates": [ [ [ -79.167500692450872, 43.744243432454653 ], [ -79.11731629996234, 43.748604549521851 ], [ -79.122079891581308, 43.767423427691675 ], [ -79.166755348280631, 43.76632818542366 ], [ -79.167500692450872, 43.744243432454653 ] ] ] } },
{ "type": "Feature", "properties": { "neighbourhood": "Princess-Rosethorn", "area_sqkm": 8.1778527415011446, "population": 44504, "crime_rate": 5.2323739430527061, "stop_density": 3.2527632007447362, "median_stop_dist": 546.45111603105477, "stop_count": 26, "housing_pressure": 0.77311616938111682, "request_count": 3916, "request_rate": 87.992090598597869, "crime_zscore": -1.3474796113567498, "transit_access_zscore": 1.2943087661593466, "transit_dist_zscore": 0.54280731875692845, "housing_zscore": -0.32796012148469761, "demand_zscore": -0.90427926853452478, "attention_score": -0.32414837417982556, "attention_score_normalized": 29.081435218828993 }, "geometry": { "type": "Polygon", "coordinates": [ [ [ -79.637407290305106, 43.766958408996388 ], [ -79.592336473625735, 43.767591802335687 ], [ -79.591547367784017, 43.784800968795238 ], [ -79.637465003712933, 43.789925051145978 ], [ -79.637407290305106, 43.766958408996388 ] ] ] } },
{ "type": "Feature", "properties": { "neighbourhood": "Regent Park", "area_sqkm": 9.4079333704902339, "population": 38159, "crime_rate": 17.59703892037723, "stop_density": 3.1444406653699497, "median_stop_dist": 598.97060464994854, "stop_count": 29, "housing_pressure": 0.88668590031392991, "request_count": 5196, "request_rate": 136.16709033255589, "crime_zscore": 0.56156669458414521, "transit_access_zscore": 1.3321018847510304, "transit_dist_zscore": 0.87743905299501379, "housing_zscore": 0.83301725895753254, "demand_zscore": -0.32055887994610688, "attention_score": 0.61596535305810474, "attention_score_normalized": 62.925127357647348 }, "geometry": { "type": "Polygon", "coordinates": [ [ [ -79.593182488699455, 43.76816650872896 ], [ -79.544035880040795, 43.764838311180561 ], [ -79.542848343365932, 43.788150037853313 ], [ -79.590173861649831, 43.788332597970609 ], [ -79.593182488699455, 43.76816650872896 ] ] ] } },
{ "type": "Feature", "properties": { "neighbourhood": "Rexdale-Kipling", "area_sqkm": 11.135906603115622, "population": 18986, "crime_rate": 3.1113548446168111, "stop_density": 5.5697420645912254, "median_stop_dist": 611.59519358575039, "stop_count": 62, "housing_pressure": 0.64988832285097431, "request_count": 1705, "request_rate": 89.80301274623406, "crime_zscore": -1.6749550166447051, "transit_access_zscore": 0.48592797380801644, "transit_dist_zscore": 0.95787753784557905, "housing_zscore": -1.58766850757516, "demand_zscore": -0.88233692944663367, "attention_score": -0.77555244019625369, "attention_score_normalized": 12.831081886200357 }, "geometry": { "type": "Polygon", "coordinates": [ [ [ -79.547706569367321, 43.766628113151505 ], [ -79.495656766886114, 43.76460250519812 ], [ -79.49596244000945, 43.790601354886086 ], [ -79.545341517111794, 43.789725696210986 ], [ -79.547706569367321, 43.766628113151505 ] ] ] } },
{ "type": "Feature", "properties": { "neighbourhood": "Rockcliffe-Smythe", "area_sqkm": 7.5755216856841914, "population": 17666, "crime_rate": 6.5377771311849706, "stop_density": 7.5804916775826161, "median_stop_dist": 499.02817289905244, "stop_count": 57, "housing_pressure": 0.73587719660740647, "request_count": 2025, "request_rate": 114.62696705536058, "crime_zscore": -1.1459314789457571, "transit_access_zscore": -0.21561116870778885, "transit_dist_zscore": 0.24064859405778652, "housing_zscore": -0.7086390638937311, "demand_zscore": -0.58155336254169299, "attention_score": -0.576197694415711, "attention_score_normalized": 20.007767479795071 }, "geometry": { "type": "Polygon", "coordinates": [ [ [ -79.496364697490236, 43.76747072953755 ], [ -79.453881298771066, 43.766317093146299 ], [ -79.451908095878949, 43.785020877525241 ], [ -79.498792806020276, 43.786703491142184 ], [ -79.496364697490236, 43.76747072953755 ] ] ] } },
{ "type": "Feature", "properties": { "neighbourhood": "Roncesvalles", "area_sqkm": 7.5713099266543242, "population": 43660, "crime_rate": 15.072143366064894, "stop_density": 8.0937904558111047, "median_stop_dist": 386.44182776658732, "stop_count": 61, "housing_pressure": 0.9045422023935169, "request_count": 4636, "request_rate": 106.18415025194686, "crime_zscore": 0.17173465791463741, "transit_access_zscore": -0.39469820291942553, "transit_dist_zscore": -0.47670347683901454, "housing_zscore": 1.0155550059652119, "demand_zscore": -0.68385215512052544, "attention_score": 0.029341732982091195, "attention_score_normalized": 41.806927905819656 }, "geometry": { "type": "Polygon", "coordinates": [ [ [ -79.44948408342043, 43.767147450540705 ], [ -79.403923055991029, 43.769442210621555 ], [ -79.405288734698729, 43.786770383658506 ], [ -79.451194453812292, 43.786774026903686 ], [ -79.44948408342043, 43.767147450540705 ] ] ] } },
{ "type": "Feature", "properties": { "neighbourhood": "Rosedale-Moore Park", "area_sqkm": 9.174808059979739, "population": 8561, "crime_rate": 18.22169434923925, "stop_density": 9.5496055895982952, "median_stop_dist": 346.54624008039258, "stop_count": 87, "housing_pressure": 0.97149019374079737, "request_count": 2936, "request_rate": 342.95058988435926, "crime_zscore": 0.65801056436483685, "transit_access_zscore": -0.90262385115525634, "transit_dist_zscore": -0.73090110988824797, "housing_zscore": 1.6999372175090282, "demand_zscore": 2.1849677496050481, "attention_score": 0.78145175123295019, "attention_score_normalized": 68.882566921311891 }, "geometry": { "type": "Polygon", "coordinates": [ [ [ -79.401147288229964, 43.764768219045358 ], [ -79.357189272968938, 43.764981398842117 ], [ -79.355880106261978, 43.78768251432875 ], [ -79.402842777908845, 43.787205860389335 ], [ -79.401147288229964, 43.764768219045358 ] ] ] } },
{ "type": "Feature", "properties": { "neighbourhood": "Rouge", "area_sqkm": 8.9872349606276778, "population": 31854, "crime_rate": 17.343147709057213, "stop_density": 8.6252337811395154, "median_stop_dist": 324.21454753925076, "stop_count": 77, "housing_pressure": 0.83449671212617216, "request_count": 4369, "request_rate": 137.15702894455956, "crime_zscore": 0.52236708181904346, "transit_access_zscore": -0.58011576676616672, "transit_dist_zscore": -0.87318911001979616, "housing_zscore": 0.29950831698888075, "demand_zscore": -0.30856412427473023, "attention_score": -0.074239706670859412, "attention_score_normalized": 38.078040375148774 }, "geometry": { "type": "Polygon", "coordinates": [ [ [ -79.358471659997122, 43.76400164366261 ], [ -79.309603164348545, 43.767904301155177 ], [ -79.311578811082441, 43.785760523493529 ], [ -79.353382390852559, 43.790458729597127 ], [ -79.358471659997122, 43.76400164366261 ] ] ] } },
{ "type": "Feature", "properties": { "neighbourhood": "Runnymede-Bloor West Village", "area_sqkm": 8.7651763352013941, "population": 43952, "crime_rate": 7.933924808132315, "stop_density": 6.2339604750882369, "median_stop_dist": 425.92620819034039, "stop_count": 54, "housing_pressure": 0.83411602979155997, "request_count": 4803, "request_rate": 109.27830360393156, "crime_zscore": -0.9303728228792818, "transit_access_zscore": 0.25418593535000394, "transit_dist_zscore": -0.22512588071284914, "housing_zscore": 0.29561675560198131, "demand_zscore": -0.64636133193532985, "attention_score": -0.28360227501081792, "attention_score_normalized": 30.541077449282884 }, "geometry": { "type": "Polygon", "coordinates": [ [ [ -79.310831475532339, 43.766936246985068 ], [ -79.259429856081539, 43.767495387026997 ], [ -79.263587343975288, 43.785094766556639 ], [ -79.310946782766933, 43.789192070514709 ], [ -79.310831475532339, 43.766936246985068 ] ] ] } },
{ "type": "Feature", "properties": { "neighbourhood": "Rustic", "area_sqkm": 8.8189207962962364, "population": 27662, "crime_rate": 18.667942869645788, "stop_density": 4.6581629863866603, "median_stop_dist": 559.83153166866339, "stop_count": 41, "housing_pressure": 0.6745640101704663, "request_count": 4125, "request_rate": 149.1215385727713, "crime_zscore": 0.72690924386614175, "transit_access_zscore": 0.80397274712396538, "transit_dist_zscore": 0.62806160830514379, "housing_zscore": -1.3354189460987553, "demand_zscore": -0.16359415545235917, "attention_score": 0.029958896665741135, "attention_score_normalized": 41.829145534499624 }, "geometry": { "type": "Polygon", "coordinates": [ [ [ -79.260165016118009, 43.764142374930167 ], [ -79.214825721536968, 43.766755478593737 ], [ -79.214399112929499, 43.788081354491887 ], [ -79.262173605336557, 43.785086559528878 ], [ -79.260165016118009, 43.764142374930167 ] ] ] } },
{ "type": "Feature", "properties": { "neighbourhood": "Scarborough Village", "area_sqkm": 8.0966331767192017, "population": 13392, "crime_rate": 8.2194799249296011, "stop_density": 4.8749287988828218, "median_stop_dist": 526.92400566106949, "stop_count": 39, "housing_pressure": 0.78115825309040798, "request_count": 1905, "request_rate": 142.24910394265234, "crime_zscore": -0.88628445155146141, "transit_access_zscore": 0.7283443838296092, "transit_dist_zscore": 0.41838891751956486, "housing_zscore": -0.24574915557483309, "demand_zscore": -0.24686515150830354, "attention_score": -0.16037143688085823, "attention_score_normalized": 34.977334922016709 }, "geometry": { "type": "Polygon", "coordinates": [ [ [ -79.212374740819371, 43.766327655288329 ], [ -79.164596034499937, 43.767280918910927 ], [ -79.168032871375047, 43.785623749167897 ], [ -79.215920986506603, 43.785783876475286 ], [ -79.212374740819371, 43.766327655288329 ] ] ] } },
{ "type": "Feature", "properties": { "neighbourhood": "South Parkdale", "area_sqkm": 7.5193479958572311, "population": 35535, "crime_rate": 10.158793359503889, "stop_density": 1.4451167364734321, "median_stop_dist": 744.47538554650282, "stop_count": 10, "housing_pressure": 0.79779589996632949, "request_count": 3653, "request_rate": 102.80005628253834, "crime_zscore": -0.58686354891276438, "transit_access_zscore": 1.9249863713287019, "transit_dist_zscore": 1.8045333269828661, "housing_zscore": -0.075669227339752981, "demand_zscore": -0.72485609197058531, "attention_score": 0.2488235422894888, "attention_score_normalized": 49.708179178997227 }, "geometry": { "type": "Polygon", "coordinates": [ [ [ -79.165976893899654, 43.767787074182515 ], [ -79.119046456348542, 43.766375481949666 ], [ -79.122837424044988, 43.784844625826274 ], [ -79.16894089430113, 43.785629223276509 ], [ -79.165976893899654, 43.767787074182515 ] ] ] } },
{ "type": "Feature", "properties": { "neighbourhood": "South Riverdale", "area_sqkm": 7.6879354545610603, "population": 18067, "crime_rate": 19.422810912596532, "stop_density": 2.6670404698645331, "median_stop_dist": 582.19490389977034, "stop_count": 20, "housing_pressure": 0.69244562398918985, "request_count": 3206, "request_rate": 177.45060054242543, "crime_zscore": 0.84345733081477592, "transit_access_zscore": 1.4986641069331821, "transit_dist_zscore": 0.77055145788100177, "housing_zscore": -1.1526224474293802, "demand_zscore": 0.17965963079760039, "attention_score": 0.29902298172799657, "attention_score_normalized": 51.515337530880466 }, "geometry": { "type": "Polygon", "coordinates": [ [ [ -79.638200503487766, 43.786078756471838 ], [ -79.594656004754953, 43.788723664153906 ], [ -79.591810796080168, 43.805579801688069 ], [ -79.64157090331372, 43.806086189953447 ], [ -79.638200503487766, 43.786078756471838 ] ] ] } },
{ "type": "Feature", "properties": { "neighbourhood": "St.Andrew-Windfields", "area_sqkm": 10.360966697483439, "population": 28599, "crime_rate": 17.291923779038722, "stop_density": 5.2672641324944891, "median_stop_dist": 631.51575490850894, "stop_count": 54, "housing_pressure": 0.7146232425674468, "request_count": 4434, "request_rate": 155.04038602748349, "crime_zscore": 0.51445834716615069, "transit_access_zscore": 0.59146080979220872, "transit_dist_zscore": 1.0848028403899896, "housing_zscore": -0.92590963134756843, "demand_zscore": -0.091877456846446923, "attention_score": 0.13020123511268589, "attention_score_normalized": 45.437826849728431 }, "geometry": { "type": "Polygon", "coordinates": [ [ [ -79.590745953539866, 43.785288956048866 ], [ -79.546071444276834, 43.786151340838309 ], [ -79.544446034635129, 43.809795140052678 ], [ -79.594497366954784, 43.810595717270182 ], [ -79.590745953539866, 43.785288956048866 ] ] ] } },
{ "type": "Feature", "properties": { "neighbourhood": "Steeles", "area_sqkm": 7.0963163870300354, "population": 40222, "crime_rate": 21.682915030871914, "stop_density": 5.5428226585917377, "median_stop_dist": 620.10101596633365, "stop_count": 39, "housing_pressure": 0.76385279146131868, "request_count": 5457, "request_rate": 135.67202028740491, "crime_zscore": 1.1924068111240296, "transit_access_zscore": 0.49532000197497467, "transit_dist_zscore": 1.0120730025994331, "housing_zscore": -0.42265588366569601, "demand_zscore": -0.32655747840443372, "attention_score": 0.35323518686985783, "attention_score_normalized": 53.466953732016179 }, "geometry": { "type": "Polygon", "coordinates": [ [ [ -79.547207227923664, 43.786451194073877 ], [ -79.50102262495858, 43.790070322603434 ], [ -79.500093205571275, 43.805539550002607 ], [ -79.544956296088728, 43.805974589646667 ], [ -79.547207227923664, 43.786451194073877 ] ] ] } },
{ "type": "Feature", "properties": { "neighbourhood": "Stonegate-Queensway", "area_sqkm": 8.8032801557709455, "population": 16837, "crime_rate": 17.467483630607553, "stop_density": 6.1395457992024483, "median_stop_dist": 532.65505284382664, "stop_count": 54, "housing_pressure": 0.6484835527270616, "request_count": 3424, "request_rate": 203.361643998337, "crime_zscore": 0.54156396520947359, "transit_access_zscore": 0.28712668059937652, "transit_dist_zscore": 0.45490470067356148, "housing_zscore": -1.6020289038285289, "demand_zscore": 0.49361509397022973, "attention_score": -0.055088508669777173, "attention_score_normalized": 38.767475313134888 }, "geometry": { "type": "Polygon", "coordinates": [ [ [ -79.499625277581231, 43.787220854995866 ], [ -79.451630936460091, 43.790048337958773 ], [ -79.450367321254006, 43.810366199831975 ], [ -79.499573436336888, 43.807512442571728 ], [ -79.499625277581231, 43.787220854995866 ] ] ] } },
{ "type": "Feature", "properties": { "neighbourhood": "Tam O'Shanter-Sullivan", "area_sqkm": 9.4221431882298923, "population": 19039, "crime_rate": 15.502789273380376, "stop_density": 7.7576984773164126, "median_stop_dist": 419.33434940300344, "stop_count": 73, "housing_pressure": 0.7612929898040236, "request_count": 2921, "request_rate": 153.42192342034772, "crime_zscore": 0.23822436710100606, "transit_access_zscore": -0.27743761668022959, "transit_dist_zscore": -0.26712638749359446, "housing_zscore": -0.44882369966850272, "demand_zscore": -0.11148782793456934, "attention_score": -0.15663199935486163, "attention_score_normalized": 35.111953073773726 }, "geometry": { "type": "Polygon", "coordinates": [ [ [ -79.452142296351838, 43.788437201139402 ], [ -79.4009456437946, 43.787148777605459 ], [ -79.402054728871406, 43.808773821546652 ], [ -79.453068411854488, 43.808078297636357 ], [ -79.452142296351838, 43.788437201139402 ] ] ] } },
{ "type": "Feature", "properties": { "neighbourhood": "Taylor-Massey", "area_sqkm": 8.8183230469131697, "population": 35818, "crime_rate": 5.060844892218034, "stop_density": 7.4254192616371419, "median_stop_dist": 390.63456017540847, "stop_count": 65, "housing_pressure": 0.72442897403347895, "request_count": 3710, "request_rate": 103.57920598581718, "crime_zscore": -1.3739628926634411, "transit_access_zscore": -0.16150728177559326, "transit_dist_zscore": -0.4499891779367341, "housing_zscore": -0.82566960843610482, "demand_zscore": -0.71541539513450647, "attention_score": -0.78471567325863689, "attention_score_normalized": 12.501209414631765 }, "geometry": { "type": "Polygon", "coordinates": [ [ [ -79.404085082609555, 43.789903115547695 ], [ -79.359228820513721, 43.787616894881808 ], [ -79.357751572207334, 43.810828851822905 ], [ -79.403386558348402, 43.810260669997227 ], [ -79.404085082609555, 43.789903115547695 ] ] ] } },
{ "type": "Feature", "properties": { "neighbourhood": "The Beaches", "area_sqkm": 8.4741063107413908, "population": 24115, "crime_rate": 11.089747667307538, "stop_density": 7.4670528895433277, "median_stop_dist": 489.40635946422333, "stop_count": 63, "housing_pressure": 0.76320909427556605, "request_count": 3316, "request_rate": 137.50777524362431, "crime_zscore": -0.44312856817761476, "transit_access_zscore": -0.17603301856172421, "transit_dist_zscore": 0.17934251128961065, "housing_zscore": -0.42923613939382865, "demand_zscore": -0.30431424846535454, "attention_score": -0.27845760267674879, "attention_score_normalized": 30.726283453178695 }, "geometry": { "type": "Polygon", "coordinates": [ [ [ -79.35345722327942, 43.788493177011269 ], [ -79.308936767997096, 43.786239633804911 ], [ -79.311060833375819, 43.806297674905977 ], [ -79.357729792404527, 43.810471119882337 ], [ -79.35345722327942, 43.788493177011269 ] ] ] } },
{ "type": "Feature", "properties": { "neighbourhood": "Thistletown-Beaumond Heights", "area_sqkm": 8.5057766699054245, "population": 15965, "crime_rate": 8.8344520889979599, "stop_density": 7.8877612513481523, "median_stop_dist": 442.55817194336828, "stop_count": 67, "housing_pressure": 0.6841114696785594, "request_count": 2532, "request_rate": 158.59693078609459, "crime_zscore": -0.79133563245897587, "transit_access_zscore": -0.32281578130994193, "transit_dist_zscore": -0.11915411631035853, "housing_zscore": -1.2378191328514947, "demand_zscore": -0.048783991356187641, "attention_score": -0.58334097424190023, "attention_score_normalized": 19.750612460891919 }, "geometry": { "type": "Polygon", "coordinates": [ [ [ -79.310446577766783, 43.784802651751598 ], [ -79.261493113803084, 43.790178100531676 ], [ -79.260909659488078, 43.806168044958881 ], [ -79.307112458268662, 43.808920637314628 ], [ -79.310446577766783, 43.784802651751598 ] ] ] } },
{ "type": "Feature", "properties": { "neighbourhood": "Thorncliffe Park", "area_sqkm": 9.5873054481575117, "population": 29538, "crime_rate": 8.3677721543398391, "stop_density": 5.0226605193304703, "median_stop_dist": 481.39036190245474, "stop_count": 48, "housing_pressure": 0.94388748664169775, "request_count": 2927, "request_rate": 99.092694156679528, "crime_zscore": -0.86338882653658855, "transit_access_zscore": 0.67680162394761501, "transit_dist_zscore": 0.12826800092627294, "housing_zscore": 1.417765917834249, "demand_zscore": -0.76977696114951888, "attention_score": 0.10539932432559451, "attention_score_normalized": 44.544968667986005 }, "geometry": { "type": "Polygon", "coordinates": [ [ [ -79.259574841352816, 43.785930835322873 ], [ -79.213960975932437, 43.784758282664264 ], [ -79.213942353382862, 43.806282852241957 ], [ -79.260827961770914, 43.810861650312631 ], [ -79.259574841352816, 43.785930835322873 ] ] ] } },
{ "type": "Feature", "properties": { "neighbourhood": "Trinity-Bellwoods", "area_sqkm": 7.8335049737550637, "population": 47530, "crime_rate": 24.406232204553802, "stop_density": 5.3912924180228714, "median_stop_dist": 612.62081599762496, "stop_count": 42, "housing_pressure": 0.82865503146517638, "request_count": 6012, "request_rate": 126.488533557753, "crime_zscore": 1.6128742156074594, "transit_access_zscore": 0.54818804399625209, "transit_dist_zscore": 0.96441236549497789, "housing_zscore": 0.23979118060511034, "demand_zscore": -0.43783072120738842, "attention_score": 0.60249026623534929, "attention_score_normalized": 62.4400299946793 }, "geometry": { "type": "Polygon", "coordinates": [ [ [ -79.214431948313759, 43.785744535364053 ], [ -79.169990931472086, 43.790178779367864 ], [ -79.169275027060195, 43.807974161610893 ], [ -79.213117252846899, 43.80776036963104 ], [ -79.214431948313759, 43.785744535364053 ] ] ] } },
{ "type": "Feature", "properties": { "neighbourhood": "University", "area_sqkm": 8.9711580846795176, "population": 10056, "crime_rate": 11.648149942668729, "stop_density": 3.6931352227155938, "median_stop_dist": 679.85068744885416, "stop_count": 33, "housing_pressure": 0.84582817250763298, "request_count": 2296, "request_rate": 228.32140015910898, "crime_zscore": -0.35691387469726321, "transit_access_zscore": 1.1406654638379901, "transit_dist_zscore": 1.3927723718076637, "housing_zscore": 0.41534524890902441, "demand_zscore": 0.79604412657421098, "attention_score": 0.55383234421463046, "attention_score_normalized": 60.688365610603071 }, "geometry": { "type": "Polygon", "coordinates": [ [ [ -79.168540564852108, 43.785189099699863 ], [ -79.12086596370122, 43.788311220349108 ], [ -79.118685724568905, 43.806933633119634 ], [ -79.168489996978991, 43.807797312145794 ], [ -79.168540564852108, 43.785189099699863 ] ] ] } },
{ "type": "Feature", "properties": { "neighbourhood": "Victoria Village", "area_sqkm": 9.0092588491150654, "population": 37482, "crime_rate": 22.625024213896491, "stop_density": 0.97430204687657218, "median_stop_dist": 841.24488031455621, "stop_count": 8, "housing_pressure": 0.87943433886680744, "request_count": 5558, "request_rate": 148.28450989808442, "crime_zscore": 1.3378640522983256, "transit_access_zscore": 2.0892509478277352, "transit_dist_zscore": 2.4211071876035812, "housing_zscore": 0.7588874820896393, "demand_zscore": -0.17373615246213747, "attention_score": 1.1659943734192613, "attention_score_normalized": 82.725936869502945 }, "geometry": { "type": "Polygon", "coordinates": [ [ [ -79.638604567416735, 43.808859966303316 ], [ -79.59443763045573, 43.808317840874729 ], [ -79.595540173916902, 43.830212796222945 ], [ -79.641426415734202, 43.831851747666718 ], [ -79.638604567416735, 43.808859966303316 ] ] ] } },
{ "type": "Feature", "properties": { "neighbourhood": "Waterfront Communities-The Island", "area_sqkm": 9.5675722752460359, "population": 13110, "crime_rate": 16.885049771939784, "stop_density": 2.1268380567369087, "median_stop_dist": 738.80199884082663, "stop_count": 20, "housing_pressure": 0.79044438757609847, "request_count": 2527, "request_rate": 192.75362318840581, "crime_zscore": 0.451638907928609, "transit_access_zscore": 1.687137666864259, "transit_dist_zscore": 1.768384931744289, "housing_zscore": -0.15082076223374868, "demand_zscore": 0.36508124729617764, "attention_score": 0.66654917567423277, "attention_score_normalized": 64.746123339542592 }, "geometry": { "type": "Polygon", "coordinates": [ [ [ -79.593721809382373, 43.80903200604574 ], [ -79.543829072232072, 43.805770093342439 ], [ -79.547814955935749, 43.829208966713978 ], [ -79.595276446036863, 43.829811826324267 ], [ -79.593721809382373, 43.80903200604574 ] ] ] } },
{ "type": "Feature", "properties": { "neighbourhood": "West Hill", "area_sqkm": 9.0156671662819559, "population": 18773, "crime_rate": 20.485848677916266, "stop_density": 3.5608106207978847, "median_stop_dist": 644.64250814726381, "stop_count": 32, "housing_pressure": 0.65757607263614493, "request_count": 3774, "request_rate": 201.03339903052256, "crime_zscore": 1.007585378172386, "transit_access_zscore": 1.1868327673964827, "transit_dist_zscore": 1.1684409015500083, "housing_zscore": -1.509079753918934, "demand_zscore": 0.46540452697807883, "attention_score": 0.32099836180095243, "attention_score_normalized": 52.306441815686235 }, "geometry": { "type": "Polygon", "coordinates": [ [ [ -79.546976133255114, 43.809830670998757 ], [ -79.496267204275782, 43.80843448635877 ], [ -79.496385322908012, 43.830361183609334 ], [ -79.544286366629422, 43.828839733262392 ], [ -79.546976133255114, 43.809830670998757 ] ] ] } },
{ "type": "Feature", "properties": { "neighbourhood": "West Humber-Clairville", "area_sqkm": 8.0925909146118666, "population": 32266, "crime_rate": 14.058016048314226, "stop_density": 4.4000289837694906, "median_stop_dist": 563.64715806964921, "stop_count": 35, "housing_pressure": 0.82419865219328203, "request_count": 3651, "request_rate": 113.1531643215769, "crime_zscore": 0.015158154365523126, "transit_access_zscore": 0.89403423746577515, "transit_dist_zscore": 0.65237314890356413, "housing_zscore": 0.1942354194806809, "demand_zscore": -0.5994109382389996, "attention_score": 0.16442731376915196, "attention_score_normalized": 46.669951044501786 }, "geometry": { "type": "Polygon", "coordinates": [ [ [ -79.495677936729052, 43.807094409284915 ], [ -79.453088179123583, 43.809002922462753 ], [ -79.448207666786175, 43.828396612612408 ], [ -79.498505783544076, 43.826780261670727 ], [ -79.495677936729052, 43.807094409284915 ] ] ] } },
{ "type": "Feature", "properties": { "neighbourhood": "Westminster-Branson", "area_sqkm": 9.6910489976605909, "population": 22412, "crime_rate": 15.691885461779901, "stop_density": 5.3085803844892805, "median_stop_dist": 621.1166774463386, "stop_count": 51, "housing_pressure": 0.84727148715915335, "request_count": 2866, "request_rate": 127.87792254149564, "crime_zscore": 0.26741993209153669, "transit_access_zscore": 0.57704580366259317, "transit_dist_zscore": 1.0185443634483391, "housing_zscore": 0.43009967026331386, "demand_zscore": -0.42099595873786122, "attention_score": 0.32951923390778021, "attention_score_normalized": 52.613189567561932 }, "geometry": { "type": "Polygon", "coordinates": [ [ [ -79.449069724021925, 43.80657233603457 ], [ -79.402683663436108, 43.808712944145803 ], [ -79.402482704249252, 43.831468444246028 ], [ -79.448813916999697, 43.830624118549224 ], [ -79.449069724021925, 43.80657233603457 ] ] ] } },
{ "type": "Feature", "properties": { "neighbourhood": "Weston", "area_sqkm": 8.7272207317689059, "population": 38270, "crime_rate": 13.835389264015006, "stop_density": 7.3314009514806813, "median_stop_dist": 506.64273032604763, "stop_count": 63, "housing_pressure": 0.9049236545581123, "request_count": 4795, "request_rate": 125.2939639404233, "crime_zscore": -0.019214377437751663, "transit_access_zscore": -0.12870482628247817, "transit_dist_zscore": 0.28916529946101144, "housing_zscore": 1.0194544370123628, "demand_zscore": -0.45230492245439119, "attention_score": 0.18366810137955458, "attention_score_normalized": 47.362611170110249 }, "geometry": { "type": "Polygon", "coordinates": [ [ [ -79.400972007598241, 43.80695954651469 ], [ -79.359127075495422, 43.808398088243393 ], [ -79.355130185328548, 43.827558025881686 ], [ -79.401084873731875, 43.832156777278747 ], [ -79.400972007598241, 43.80695954651469 ] ] ] } },
{ "type": "Feature", "properties": { "neighbourhood": "Weston-Pelham Park", "area_sqkm": 8.679907493625727, "population": 11910, "crime_rate": 7.2953457315569787, "stop_density": 5.2367939312889966, "median_stop_dist": 447.20403745678806, "stop_count": 45, "housing_pressure": 0.79294107439629036, "request_count": 1560, "request_rate": 130.9823677581864, "crime_zscore": -1.0289664385917132, "transit_access_zscore": 0.60209169027970222, "transit_dist_zscore": -0.089552646938219793, "housing_zscore": -0.125298143658507, "demand_zscore": -0.38338043246395365, "attention_score": -0.28836137555412344, "attention_score_normalized": 30.369751864963924 }, "geometry": { "type": "Polygon", "coordinates": [ [ [ -79.355179114760162, 43.806544990532302 ], [ -79.310306815046673, 43.80886920984485 ], [ -79.306544531918647, 43.831723699016294 ], [ -79.353537286892646, 43.826434445102286 ], [ -79.355179114760162, 43.806544990532302 ] ] ] } },
{ "type": "Feature", "properties": { "neighbourhood": "Wexford/Maryvale", "area_sqkm": 9.0905129646408191, "population": 30446, "crime_rate": 18.893946535753116, "stop_density": 5.2113159229541788, "median_stop_dist": 444.70759875174144, "stop_count": 47, "housing_pressure": 0.68010634791238811, "request_count": 3902, "request_rate": 128.16133482230836, "crime_zscore": 0.7618031503894912, "transit_access_zscore": 0.61098082297167755, "transit_dist_zscore": -0.10545888736928713, "housing_zscore": -1.2787618711872271, "demand_zscore": -0.41756194674823333, "attention_score": -0.13692377920872206, "attention_score_normalized": 35.821440570770136 }, "geometry": { "type": "Polygon", "coordinates": [ [ [ -79.310176306251449, 43.81112713739622 ], [ -79.259844688973274, 43.808306823761484 ], [ -79.264596136009899, 43.831403025136702 ], [ -79.308513289820013, 43.831298065621979 ], [ -79.310176306251449, 43.81112713739622 ] ] ] } },
{ "type": "Feature", "properties": { "neighbourhood": "Willowdale East", "area_sqkm": 9.3488454606745481, "population": 5206, "crime_rate": 9.1769919736988275, "stop_density": 5.849563102870027, "median_stop_dist": 482.81451823210858, "stop_count": 54, "housing_pressure": 0.72694604344590075, "request_count": 1243, "request_rate": 238.76296580868228, "crime_zscore": -0.73844908011608268, "transit_access_zscore": 0.38829999965167716, "transit_dist_zscore": 0.13734211636323795, "housing_zscore": -0.79993862687242112, "demand_zscore": 0.92256109164113842, "attention_score": -0.12123839101666098, "attention_score_normalized": 36.386107837792842 }, "geometry": { "type": "Polygon", "coordinates": [ [ [ -79.262778932035573, 43.806841591485259 ], [ -79.213196853916287, 43.806184939776202 ], [ -79.217153316500671, 43.826692488440543 ], [ -79.262926439791201, 43.830408501886041 ], [ -79.262778932035573, 43.806841591485259 ] ] ] } },
{ "type": "Feature", "properties": { "neighbourhood": "Willowdale West", "area_sqkm": 8.2471174991994527, "population": 26518, "crime_rate": 3.5349512614919845, "stop_density": 2.0109300960411978, "median_stop_dist": 761.56416135430675, "stop_count": 16, "housing_pressure": 0.74325475614646996, "request_count": 2547, "request_rate": 96.047967418357345, "crime_zscore": -1.6095537157337336, "transit_access_zscore": 1.7275772973542303, "transit_dist_zscore": 1.9134157025533332, "housing_zscore": -0.63322125954245012, "demand_zscore": -0.80666889855800405, "attention_score": -0.17587857354451222, "attention_score_normalized": 34.419084633786987 }, "geometry": { "type": "Polygon", "coordinates": [ [ [ -79.212229588056047, 43.808698486215789 ], [ -79.166577548143636, 43.810205877450571 ], [ -79.168874970424213, 43.828143284248362 ], [ -79.217399049856112, 43.829986117489391 ], [ -79.212229588056047, 43.808698486215789 ] ] ] } },
{ "type": "Feature", "properties": { "neighbourhood": "Willowridge-Martingrove-Richview", "area_sqkm": 9.7106409125444859, "population": 27361, "crime_rate": 17.200390509957693, "stop_density": 2.7875681115197635, "median_stop_dist": 758.07682028700071, "stop_count": 27, "housing_pressure": 0.82893905666400181, "request_count": 3539, "request_rate": 129.34468769416321, "crime_zscore": 0.50032603953547172, "transit_access_zscore": 1.4566126959419994, "transit_dist_zscore": 1.8911958557893931, "housing_zscore": 0.24269465522465483, "demand_zscore": -0.40322365506144719, "attention_score": 0.60728172543745107, "attention_score_normalized": 62.612520476876668 }, "geometry": { "type": "Polygon", "coordinates": [ [ [ -79.164638321081654, 43.810682131704944 ], [ -79.118207300585368, 43.805589154926636 ], [ -79.117012395336801, 43.831478979266876 ], [ -79.168168456380016, 43.829404392034931 ], [ -79.164638321081654, 43.810682131704944 ] ] ] } },
{ "type": "Feature", "properties": { "neighbourhood": "Woburn", "area_sqkm": 8.9170963682052538, "population": 28419, "crime_rate": 6.8964349469550772, "stop_density": 0.84556432432019979, "median_stop_dist": 687.8051620046956, "stop_count": 7, "housing_pressure": 0.79977240663411919, "request_count": 3063, "request_rate": 107.78000633379077, "crime_zscore": -1.0905563936079492, "transit_access_zscore": 2.1341668095084319, "transit_dist_zscore": 1.4434548838726491, "housing_zscore": -0.055464199866767219, "demand_zscore": -0.66451569975219282, "attention_score": 0.11723496568804448, "attention_score_normalized": 44.971046695495588 }, "geometry": { "type": "Polygon", "coordinates": [ [ [ -79.637757937314888, 43.830833898964357 ], [ -79.589822771912083, 43.828642354712422 ], [ -79.591117632244092, 43.849879253721824 ], [ -79.64049339930699, 43.850765032779314 ], [ -79.637757937314888, 43.830833898964357 ] ] ] } },
{ "type": "Feature", "properties": { "neighbourhood": "Woodbine Corridor", "area_sqkm": 7.7452154832872457, "population": 46523, "crime_rate": 23.690088855764113, "stop_density": 1.6883367442897175, "median_stop_dist": 734.40930585594117, "stop_count": 13, "housing_pressure": 0.73574920624278572, "request_count": 6338, "request_rate": 136.2336908625841, "crime_zscore": 1.5023050398927669, "transit_access_zscore": 1.8401282892364812, "transit_dist_zscore": 1.7403965695160459, "housing_zscore": -0.70994745757414879, "demand_zscore": -0.31975190355829258, "attention_score": 0.67121774368087517, "attention_score_normalized": 64.914189791258124 }, "geometry": { "type": "Polygon", "coordinates": [ [ [ -79.593599539781422, 43.828758911244428 ], [ -79.546731111504627, 43.830656263040304 ], [ -79.546676696731808, 43.848432662874615 ], [ -79.594325626220979, 43.847662844678787 ], [ -79.593599539781422, 43.828758911244428 ] ] ] } },
{ "type": "Feature", "properties": { "neighbourhood": "Woodbine-Lumsden", "area_sqkm": 10.1913058391708, "population": 27403, "crime_rate": 23.986428694056922, "stop_density": 4.7333008981929048, "median_stop_dist": 539.51312641655898, "stop_count": 48, "housing_pressure": 0.96730608209504665, "request_count": 4131, "request_rate": 150.74991789220158, "crime_zscore": 1.5480585216598419, "transit_access_zscore": 0.77775755559618431, "transit_dist_zscore": 0.49860141428455823, "housing_zscore": 1.6571647380986891, "demand_zscore": -0.14386362687205123, "attention_score": 0.9639869350473339, "attention_score_normalized": 75.453755477048333 }, "geometry": { "type": "Polygon", "coordinates": [ [ [ -79.546148585571586, 43.826483328368589 ], [ -79.497103934485665, 43.826338012839166 ], [ -79.499872294854626, 43.85292633433842 ], [ -79.54275477835084, 43.849566638802415 ], [ -79.546148585571586, 43.826483328368589 ] ] ] } },
{ "type": "Feature", "properties": { "neighbourhood": "Wychwood", "area_sqkm": 9.2255746159502081, "population": 23141, "crime_rate": 23.127016584849869, "stop_density": 5.458970403700226, "median_stop_dist": 621.03435937790925, "stop_count": 50, "housing_pressure": 0.84178903563624863, "request_count": 3751, "request_rate": 162.0932543969578, "crime_zscore": 1.4153693209923439, "transit_access_zscore": 0.52457557841002023, "transit_dist_zscore": 1.0180198678996957, "housing_zscore": 0.37405478792376762, "demand_zscore": -0.0064202054084038975, "attention_score": 0.67746130309380448, "attention_score_normalized": 65.138955260051361 }, "geometry": { "type": "Polygon", "coordinates": [ [ [ -79.495513426048078, 43.830948839317259 ], [ -79.451104681841599, 43.826767235244645 ], [ -79.450228622573832, 43.849505484654713 ], [ -79.500179614505271, 43.852274709845375 ], [ -79.495513426048078, 43.830948839317259 ] ] ] } },
{ "type": "Feature", "properties": { "neighbourhood": "Yonge-Eglinton", "area_sqkm": 9.1867870541942196, "population": 19820, "crime_rate": 11.143491405619777, "stop_density": 6.8204859004939671, "median_stop_dist": 527.3994896024434, "stop_count": 62, "housing_pressure": 0.71792995927353809, "request_count": 2600, "request_rate": 131.18062563067608, "crime_zscore": -0.4348307869372342, "transit_access_zscore": 0.049550539006095462, "transit_dist_zscore": 0.42141849796843217, "housing_zscore": -0.89210640519064865, "demand_zscore": -0.38097820801124005, "attention_score": -0.33728458408803963, "attention_score_normalized": 28.608537279862961 }, "geometry": { "type": "Polygon", "coordinates": [ [ [ -79.450262670139821, 43.832177780987593 ], [ -79.403560232570271, 43.827620799439067 ], [ -79.405252344766055, 43.85265639064481 ], [ -79.452849922717064, 43.850897879893957 ], [ -79.450262670139821, 43.832177780987593 ] ] ] } },
{ "type": "Feature", "properties": { "neighbourhood": "Yonge-St.Clair", "area_sqkm": 10.193473911161375, "population": 45342, "crime_rate": 3.3400455636350834, "stop_density": 6.7040304904469501, "median_stop_dist": 532.46421641988013, "stop_count": 68, "housing_pressure": 0.67311401007576876, "request_count": 3756, "request_rate": 82.837104671165818, "crime_zscore": -1.639646241749029, "transit_access_zscore": 0.090181171471650778, "transit_dist_zscore": 0.45368877254515927, "housing_zscore": -1.3502417100320327, "demand_zscore": -0.96674051202898825, "attention_score": -0.85923959874854161, "attention_score_normalized": 9.8183799673193253 }, "geometry": { "type": "Polygon", "coordinates": [ [ [ -79.406289307576984, 43.827553686485189 ], [ -79.35354902058279, 43.827349398803634 ], [ -79.354060921053858, 43.851677506841405 ], [ -79.401069849937201, 43.849100751555 ], [ -79.406289307576984, 43.827553686485189 ] ] ] } },
{ "type": "Feature", "properties": { "neighbourhood": "York University Heights", "area_sqkm": 8.7974322274942178, "population": 11374, "crime_rate": 23.423008376929957, "stop_density": 6.6117694331596848, "median_stop_dist": 463.15016030100981, "stop_count": 58, "housing_pressure": 0.688511754064559, "request_count": 3591, "request_rate": 315.72006330226833, "crime_zscore": 1.4610690660558439, "transit_access_zscore": 0.12237053139927435, "transit_dist_zscore": 0.012049232327143632, "housing_zscore": -1.1928368070354647, "demand_zscore": 1.855024549900967, "attention_score": 0.45822593929425093, "attention_score_normalized": 57.246575919763224 }, "geometry": { "type": "Polygon", "coordinates": [ [ [ -79.35518751265532, 43.832200216166648 ], [ -79.311167533652878, 43.827274140726082 ], [ -79.307195910340965, 43.849377452113416 ], [ -79.358016992932619, 43.851549430854227 ], [ -79.35518751265532, 43.832200216166648 ] ] ] } },
{ "type": "Feature", "properties": { "neighbourhood": "Yorkdale-Glen Park", "area_sqkm": 9.8511213901062522, "population": 6678, "crime_rate": 12.420051262980916, "stop_density": 4.455372212718558, "median_stop_dist": 560.19528983160512, "stop_count": 43, "housing_pressure": 0.71616244239294979, "request_count": 1570, "request_rate": 235.10032943995208, "crime_zscore": -0.23773592957741588, "transit_access_zscore": 0.87472529858540204, "transit_dist_zscore": 0.63037931984631557, "housing_zscore": -0.91017501467891793, "demand_zscore": 0.87818214952967133, "attention_score": 0.11442438660660847, "attention_score_normalized": 44.869867050514351 }, "geometry": { "type": "Polygon", "coordinates": [ [ [ -79.311541988066523, 43.827573674919705 ], [ -79.259553416642404, 43.829452615768126 ], [ -79.263224581562653, 43.85055763960905 ], [ -79.31131381956321, 43.850480517247028 ], [ -79.311541988066523, 43.827573674919705 ] ] ] } }
]
}
